#id;9
#rows;2752
#x;y
2025-07-09T00:00:00.000+01:00;1.13
2025-07-09T00:15:00.000+01:00;1.13
2025-07-09T00:30:00.000+01:00;1.13
2025-07-09T00:45:00.000+01:00;1.13
2025-07-09T01:00:00.000+01:00;1.12
2025-07-09T01:15:00.000+01:00;1.12
2025-07-09T01:30:00.000+01:00;1.12
2025-07-09T01:45:00.000+01:00;1.12
2025-07-09T02:00:00.000+01:00;1.12
2025-07-09T02:15:00.000+01:00;1.12
2025-07-09T02:30:00.000+01:00;1.11
2025-07-09T02:45:00.000+01:00;1.11
2025-07-09T03:00:00.000+01:00;1.11
2025-07-09T03:15:00.000+01:00;1.12
2025-07-09T03:30:00.000+01:00;1.11
2025-07-09T03:45:00.000+01:00;1.11
2025-07-09T04:00:00.000+01:00;1.11
2025-07-09T04:15:00.000+01:00;1.11
2025-07-09T04:30:00.000+01:00;1.11
2025-07-09T04:45:00.000+01:00;1.11
2025-07-09T05:00:00.000+01:00;1.11
2025-07-09T05:15:00.000+01:00;1.11
2025-07-09T05:30:00.000+01:00;1.11
2025-07-09T05:45:00.000+01:00;1.11
2025-07-09T06:00:00.000+01:00;1.11
2025-07-09T06:15:00.000+01:00;1.11
2025-07-09T06:30:00.000+01:00;1.09
2025-07-09T06:45:00.000+01:00;1.08
2025-07-09T07:00:00.000+01:00;1.07
2025-07-09T07:15:00.000+01:00;1.06
2025-07-09T07:30:00.000+01:00;1.05
2025-07-09T07:45:00.000+01:00;1.06
2025-07-09T08:00:00.000+01:00;1.05
2025-07-09T08:15:00.000+01:00;1.04
2025-07-09T08:30:00.000+01:00;1.04
2025-07-09T08:45:00.000+01:00;1.04
2025-07-09T09:00:00.000+01:00;1.03
2025-07-09T09:15:00.000+01:00;1.04
2025-07-09T09:30:00.000+01:00;1.03
2025-07-09T09:45:00.000+01:00;1.03
2025-07-09T10:00:00.000+01:00;1.03
2025-07-09T10:15:00.000+01:00;1.03
2025-07-09T10:30:00.000+01:00;1.03
2025-07-09T10:45:00.000+01:00;1.03
2025-07-09T11:00:00.000+01:00;1.03
2025-07-09T11:15:00.000+01:00;1.02
2025-07-09T11:30:00.000+01:00;1.03
2025-07-09T11:45:00.000+01:00;1.02
2025-07-09T12:00:00.000+01:00;1.02
2025-07-09T12:15:00.000+01:00;1.01
2025-07-09T12:30:00.000+01:00;1.01
2025-07-09T12:45:00.000+01:00;1.01
2025-07-09T13:00:00.000+01:00;1.01
2025-07-09T13:15:00.000+01:00;1.01
2025-07-09T13:30:00.000+01:00;1.01
2025-07-09T13:45:00.000+01:00;1.03
2025-07-09T14:00:00.000+01:00;1.02
2025-07-09T14:15:00.000+01:00;1.04
2025-07-09T14:30:00.000+01:00;1.04
2025-07-09T14:45:00.000+01:00;1.04
2025-07-09T15:00:00.000+01:00;1.04
2025-07-09T15:15:00.000+01:00;1.03
2025-07-09T15:30:00.000+01:00;1.04
2025-07-09T15:45:00.000+01:00;1.04
2025-07-09T16:00:00.000+01:00;1.03
2025-07-09T16:15:00.000+01:00;1.03
2025-07-09T16:30:00.000+01:00;1.03
2025-07-09T16:45:00.000+01:00;1.04
2025-07-09T17:00:00.000+01:00;1.03
2025-07-09T17:15:00.000+01:00;1.03
2025-07-09T17:30:00.000+01:00;1.03
2025-07-09T17:45:00.000+01:00;1.04
2025-07-09T18:00:00.000+01:00;1.03
2025-07-09T18:15:00.000+01:00;1.04
2025-07-09T18:30:00.000+01:00;1.03
2025-07-09T18:45:00.000+01:00;1.04
2025-07-09T19:00:00.000+01:00;1.04
2025-07-09T19:15:00.000+01:00;1.04
2025-07-09T19:30:00.000+01:00;1.04
2025-07-09T19:45:00.000+01:00;1.04
2025-07-09T20:00:00.000+01:00;1.04
2025-07-09T20:15:00.000+01:00;1.03
2025-07-09T20:30:00.000+01:00;1.03
2025-07-09T20:45:00.000+01:00;1.03
2025-07-09T21:00:00.000+01:00;1.03
2025-07-09T21:15:00.000+01:00;1.03
2025-07-09T21:30:00.000+01:00;1.02
2025-07-09T21:45:00.000+01:00;1.02
2025-07-09T22:00:00.000+01:00;1.01
2025-07-09T22:15:00.000+01:00;1.01
2025-07-09T22:30:00.000+01:00;1
2025-07-09T22:45:00.000+01:00;0.99
2025-07-09T23:00:00.000+01:00;0.99
2025-07-09T23:15:00.000+01:00;1
2025-07-09T23:30:00.000+01:00;0.99
2025-07-09T23:45:00.000+01:00;0.98
2025-07-10T00:00:00.000+01:00;0.99
2025-07-10T00:15:00.000+01:00;0.98
2025-07-10T00:30:00.000+01:00;0.98
2025-07-10T00:45:00.000+01:00;0.98
2025-07-10T01:00:00.000+01:00;0.98
2025-07-10T01:15:00.000+01:00;0.98
2025-07-10T01:30:00.000+01:00;0.98
2025-07-10T01:45:00.000+01:00;0.98
2025-07-10T02:00:00.000+01:00;0.98
2025-07-10T02:15:00.000+01:00;0.98
2025-07-10T02:30:00.000+01:00;0.98
2025-07-10T02:45:00.000+01:00;0.97
2025-07-10T03:00:00.000+01:00;0.98
2025-07-10T03:15:00.000+01:00;0.98
2025-07-10T03:30:00.000+01:00;0.98
2025-07-10T03:45:00.000+01:00;0.98
2025-07-10T04:00:00.000+01:00;0.98
2025-07-10T04:15:00.000+01:00;0.98
2025-07-10T04:30:00.000+01:00;0.98
2025-07-10T04:45:00.000+01:00;0.98
2025-07-10T05:00:00.000+01:00;0.98
2025-07-10T05:15:00.000+01:00;0.98
2025-07-10T05:30:00.000+01:00;0.98
2025-07-10T05:45:00.000+01:00;0.98
2025-07-10T06:00:00.000+01:00;0.98
2025-07-10T06:15:00.000+01:00;0.98
2025-07-10T06:30:00.000+01:00;0.98
2025-07-10T06:45:00.000+01:00;0.97
2025-07-10T07:00:00.000+01:00;0.96
2025-07-10T07:15:00.000+01:00;0.97
2025-07-10T07:30:00.000+01:00;0.97
2025-07-10T07:45:00.000+01:00;0.96
2025-07-10T08:00:00.000+01:00;0.96
2025-07-10T08:15:00.000+01:00;0.96
2025-07-10T08:30:00.000+01:00;0.96
2025-07-10T08:45:00.000+01:00;0.96
2025-07-10T09:00:00.000+01:00;0.95
2025-07-10T09:15:00.000+01:00;0.95
2025-07-10T09:30:00.000+01:00;0.95
2025-07-10T09:45:00.000+01:00;0.95
2025-07-10T10:00:00.000+01:00;0.95
2025-07-10T10:15:00.000+01:00;0.95
2025-07-10T10:30:00.000+01:00;0.94
2025-07-10T10:45:00.000+01:00;0.95
2025-07-10T11:00:00.000+01:00;0.94
2025-07-10T11:15:00.000+01:00;0.94
2025-07-10T11:30:00.000+01:00;0.94
2025-07-10T11:45:00.000+01:00;0.95
2025-07-10T12:00:00.000+01:00;0.95
2025-07-10T12:15:00.000+01:00;0.95
2025-07-10T12:30:00.000+01:00;0.95
2025-07-10T12:45:00.000+01:00;0.95
2025-07-10T13:00:00.000+01:00;0.95
2025-07-10T13:15:00.000+01:00;0.95
2025-07-10T13:30:00.000+01:00;0.95
2025-07-10T13:45:00.000+01:00;0.95
2025-07-10T14:00:00.000+01:00;0.95
2025-07-10T14:15:00.000+01:00;0.95
2025-07-10T14:30:00.000+01:00;0.95
2025-07-10T14:45:00.000+01:00;0.95
2025-07-10T15:00:00.000+01:00;0.95
2025-07-10T15:15:00.000+01:00;0.95
2025-07-10T15:30:00.000+01:00;0.95
2025-07-10T15:45:00.000+01:00;0.94
2025-07-10T16:00:00.000+01:00;0.95
2025-07-10T16:15:00.000+01:00;0.94
2025-07-10T16:30:00.000+01:00;0.94
2025-07-10T16:45:00.000+01:00;0.95
2025-07-10T17:00:00.000+01:00;0.95
2025-07-10T17:15:00.000+01:00;0.95
2025-07-10T17:30:00.000+01:00;0.95
2025-07-10T17:45:00.000+01:00;0.95
2025-07-10T18:00:00.000+01:00;0.95
2025-07-10T18:15:00.000+01:00;0.95
2025-07-10T18:30:00.000+01:00;0.95
2025-07-10T18:45:00.000+01:00;0.95
2025-07-10T19:00:00.000+01:00;0.96
2025-07-10T19:15:00.000+01:00;0.96
2025-07-10T19:30:00.000+01:00;0.95
2025-07-10T19:45:00.000+01:00;0.95
2025-07-10T20:00:00.000+01:00;0.96
2025-07-10T20:15:00.000+01:00;0.95
2025-07-10T20:30:00.000+01:00;0.95
2025-07-10T20:45:00.000+01:00;0.95
2025-07-10T21:00:00.000+01:00;0.95
2025-07-10T21:15:00.000+01:00;0.94
2025-07-10T21:30:00.000+01:00;0.94
2025-07-10T21:45:00.000+01:00;0.93
2025-07-10T22:00:00.000+01:00;0.92
2025-07-10T22:15:00.000+01:00;0.91
2025-07-10T22:30:00.000+01:00;0.91
2025-07-10T22:45:00.000+01:00;0.9
2025-07-10T23:00:00.000+01:00;0.9
2025-07-10T23:15:00.000+01:00;0.9
2025-07-10T23:30:00.000+01:00;0.9
2025-07-10T23:45:00.000+01:00;0.9
2025-07-11T00:00:00.000+01:00;0.89
2025-07-11T00:15:00.000+01:00;0.9
2025-07-11T00:30:00.000+01:00;0.9
2025-07-11T00:45:00.000+01:00;0.89
2025-07-11T01:00:00.000+01:00;0.89
2025-07-11T01:15:00.000+01:00;0.89
2025-07-11T01:30:00.000+01:00;0.89
2025-07-11T01:45:00.000+01:00;0.89
2025-07-11T02:00:00.000+01:00;0.89
2025-07-11T02:15:00.000+01:00;0.89
2025-07-11T02:30:00.000+01:00;0.89
2025-07-11T02:45:00.000+01:00;0.89
2025-07-11T03:00:00.000+01:00;0.89
2025-07-11T03:15:00.000+01:00;0.89
2025-07-11T03:30:00.000+01:00;0.89
2025-07-11T03:45:00.000+01:00;0.89
2025-07-11T04:00:00.000+01:00;0.89
2025-07-11T04:15:00.000+01:00;0.89
2025-07-11T04:30:00.000+01:00;0.89
2025-07-11T04:45:00.000+01:00;0.89
2025-07-11T05:00:00.000+01:00;0.89
2025-07-11T05:15:00.000+01:00;0.89
2025-07-11T05:30:00.000+01:00;0.89
2025-07-11T05:45:00.000+01:00;0.89
2025-07-11T06:00:00.000+01:00;0.9
2025-07-11T06:15:00.000+01:00;0.89
2025-07-11T06:30:00.000+01:00;0.88
2025-07-11T06:45:00.000+01:00;0.89
2025-07-11T07:00:00.000+01:00;0.89
2025-07-11T07:15:00.000+01:00;0.88
2025-07-11T07:30:00.000+01:00;0.88
2025-07-11T07:45:00.000+01:00;0.88
2025-07-11T08:00:00.000+01:00;0.88
2025-07-11T08:15:00.000+01:00;0.89
2025-07-11T08:30:00.000+01:00;0.89
2025-07-11T08:45:00.000+01:00;0.88
2025-07-11T09:00:00.000+01:00;0.88
2025-07-11T09:15:00.000+01:00;0.89
2025-07-11T09:30:00.000+01:00;0.88
2025-07-11T09:45:00.000+01:00;0.88
2025-07-11T10:00:00.000+01:00;0.88
2025-07-11T10:15:00.000+01:00;0.88
2025-07-11T10:30:00.000+01:00;0.88
2025-07-11T10:45:00.000+01:00;0.88
2025-07-11T11:00:00.000+01:00;0.88
2025-07-11T11:15:00.000+01:00;0.87
2025-07-11T11:30:00.000+01:00;0.88
2025-07-11T11:45:00.000+01:00;0.89
2025-07-11T12:00:00.000+01:00;0.89
2025-07-11T12:15:00.000+01:00;0.91
2025-07-11T12:30:00.000+01:00;0.91
2025-07-11T12:45:00.000+01:00;0.9
2025-07-11T13:00:00.000+01:00;0.91
2025-07-11T13:15:00.000+01:00;0.92
2025-07-11T13:30:00.000+01:00;0.93
2025-07-11T13:45:00.000+01:00;0.93
2025-07-11T14:00:00.000+01:00;0.93
2025-07-11T14:15:00.000+01:00;0.94
2025-07-11T14:30:00.000+01:00;0.94
2025-07-11T14:45:00.000+01:00;0.94
2025-07-11T15:00:00.000+01:00;0.94
2025-07-11T15:15:00.000+01:00;0.95
2025-07-11T15:30:00.000+01:00;0.94
2025-07-11T15:45:00.000+01:00;0.94
2025-07-11T16:00:00.000+01:00;0.95
2025-07-11T16:15:00.000+01:00;0.94
2025-07-11T16:30:00.000+01:00;0.93
2025-07-11T16:45:00.000+01:00;0.92
2025-07-11T17:00:00.000+01:00;0.92
2025-07-11T17:15:00.000+01:00;0.91
2025-07-11T17:30:00.000+01:00;0.91
2025-07-11T17:45:00.000+01:00;0.91
2025-07-11T18:00:00.000+01:00;0.9
2025-07-11T18:15:00.000+01:00;0.9
2025-07-11T18:30:00.000+01:00;0.9
2025-07-11T18:45:00.000+01:00;0.9
2025-07-11T19:00:00.000+01:00;0.9
2025-07-11T19:15:00.000+01:00;0.9
2025-07-11T19:30:00.000+01:00;0.9
2025-07-11T19:45:00.000+01:00;0.9
2025-07-11T20:00:00.000+01:00;0.9
2025-07-11T20:15:00.000+01:00;0.9
2025-07-11T20:30:00.000+01:00;0.9
2025-07-11T20:45:00.000+01:00;0.9
2025-07-11T21:00:00.000+01:00;0.9
2025-07-11T21:15:00.000+01:00;0.91
2025-07-11T21:30:00.000+01:00;0.9
2025-07-11T21:45:00.000+01:00;0.9
2025-07-11T22:00:00.000+01:00;0.9
2025-07-11T22:15:00.000+01:00;0.9
2025-07-11T22:30:00.000+01:00;0.9
2025-07-11T22:45:00.000+01:00;0.9
2025-07-11T23:00:00.000+01:00;0.91
2025-07-11T23:15:00.000+01:00;0.91
2025-07-11T23:30:00.000+01:00;0.91
2025-07-11T23:45:00.000+01:00;0.91
2025-07-12T00:00:00.000+01:00;0.91
2025-07-12T00:15:00.000+01:00;0.91
2025-07-12T00:30:00.000+01:00;0.91
2025-07-12T00:45:00.000+01:00;0.92
2025-07-12T01:00:00.000+01:00;0.92
2025-07-12T01:15:00.000+01:00;0.93
2025-07-12T01:30:00.000+01:00;0.94
2025-07-12T01:45:00.000+01:00;0.95
2025-07-12T02:00:00.000+01:00;0.95
2025-07-12T02:15:00.000+01:00;0.96
2025-07-12T02:30:00.000+01:00;0.96
2025-07-12T02:45:00.000+01:00;0.97
2025-07-12T03:00:00.000+01:00;0.97
2025-07-12T03:15:00.000+01:00;0.98
2025-07-12T03:30:00.000+01:00;0.98
2025-07-12T03:45:00.000+01:00;0.98
2025-07-12T04:00:00.000+01:00;0.98
2025-07-12T04:15:00.000+01:00;0.99
2025-07-12T04:30:00.000+01:00;0.98
2025-07-12T04:45:00.000+01:00;0.99
2025-07-12T05:00:00.000+01:00;0.99
2025-07-12T05:15:00.000+01:00;0.99
2025-07-12T05:30:00.000+01:00;0.99
2025-07-12T05:45:00.000+01:00;0.99
2025-07-12T06:00:00.000+01:00;1
2025-07-12T06:15:00.000+01:00;0.99
2025-07-12T06:30:00.000+01:00;0.99
2025-07-12T06:45:00.000+01:00;0.99
2025-07-12T07:00:00.000+01:00;0.99
2025-07-12T07:15:00.000+01:00;0.98
2025-07-12T07:30:00.000+01:00;0.99
2025-07-12T07:45:00.000+01:00;0.98
2025-07-12T08:00:00.000+01:00;0.97
2025-07-12T08:15:00.000+01:00;0.97
2025-07-12T08:30:00.000+01:00;0.97
2025-07-12T08:45:00.000+01:00;0.97
2025-07-12T09:00:00.000+01:00;0.97
2025-07-12T09:15:00.000+01:00;0.97
2025-07-12T09:30:00.000+01:00;0.96
2025-07-12T09:45:00.000+01:00;0.96
2025-07-12T10:00:00.000+01:00;0.96
2025-07-12T10:15:00.000+01:00;0.96
2025-07-12T10:30:00.000+01:00;0.96
2025-07-12T10:45:00.000+01:00;0.96
2025-07-12T11:00:00.000+01:00;0.97
2025-07-12T11:15:00.000+01:00;0.97
2025-07-12T11:30:00.000+01:00;0.97
2025-07-12T11:45:00.000+01:00;0.96
2025-07-12T12:00:00.000+01:00;0.97
2025-07-12T12:15:00.000+01:00;0.97
2025-07-12T12:30:00.000+01:00;0.96
2025-07-12T12:45:00.000+01:00;0.96
2025-07-12T13:00:00.000+01:00;0.96
2025-07-12T13:15:00.000+01:00;0.97
2025-07-12T13:30:00.000+01:00;0.96
2025-07-12T13:45:00.000+01:00;0.97
2025-07-12T14:00:00.000+01:00;0.97
2025-07-12T14:15:00.000+01:00;0.97
2025-07-12T14:30:00.000+01:00;0.97
2025-07-12T14:45:00.000+01:00;0.97
2025-07-12T15:00:00.000+01:00;0.98
2025-07-12T15:15:00.000+01:00;0.99
2025-07-12T15:30:00.000+01:00;1
2025-07-12T15:45:00.000+01:00;1.02
2025-07-12T16:00:00.000+01:00;1.04
2025-07-12T16:15:00.000+01:00;1.08
2025-07-12T16:30:00.000+01:00;1.15
2025-07-12T16:45:00.000+01:00;1.23
2025-07-12T17:00:00.000+01:00;1.28
2025-07-12T17:15:00.000+01:00;1.31
2025-07-12T17:30:00.000+01:00;1.32
2025-07-12T17:45:00.000+01:00;1.3
2025-07-12T18:00:00.000+01:00;1.28
2025-07-12T18:15:00.000+01:00;1.25
2025-07-12T18:30:00.000+01:00;1.23
2025-07-12T18:45:00.000+01:00;1.22
2025-07-12T19:00:00.000+01:00;1.19
2025-07-12T19:15:00.000+01:00;1.18
2025-07-12T19:30:00.000+01:00;1.17
2025-07-12T19:45:00.000+01:00;1.16
2025-07-12T20:00:00.000+01:00;1.15
2025-07-12T20:15:00.000+01:00;1.15
2025-07-12T20:30:00.000+01:00;1.16
2025-07-12T20:45:00.000+01:00;1.17
2025-07-12T21:00:00.000+01:00;1.19
2025-07-12T21:15:00.000+01:00;1.2
2025-07-12T21:30:00.000+01:00;1.21
2025-07-12T21:45:00.000+01:00;1.21
2025-07-12T22:00:00.000+01:00;1.22
2025-07-12T22:15:00.000+01:00;1.23
2025-07-12T22:30:00.000+01:00;1.23
2025-07-12T22:45:00.000+01:00;1.24
2025-07-12T23:00:00.000+01:00;1.24
2025-07-12T23:15:00.000+01:00;1.25
2025-07-12T23:30:00.000+01:00;1.25
2025-07-12T23:45:00.000+01:00;1.25
2025-07-13T00:00:00.000+01:00;1.25
2025-07-13T00:15:00.000+01:00;1.25
2025-07-13T00:30:00.000+01:00;1.25
2025-07-13T00:45:00.000+01:00;1.26
2025-07-13T01:00:00.000+01:00;1.26
2025-07-13T01:15:00.000+01:00;1.26
2025-07-13T01:30:00.000+01:00;1.26
2025-07-13T01:45:00.000+01:00;1.26
2025-07-13T02:00:00.000+01:00;1.26
2025-07-13T02:15:00.000+01:00;1.26
2025-07-13T02:30:00.000+01:00;1.26
2025-07-13T02:45:00.000+01:00;1.27
2025-07-13T03:00:00.000+01:00;1.27
2025-07-13T03:15:00.000+01:00;1.28
2025-07-13T03:30:00.000+01:00;1.28
2025-07-13T03:45:00.000+01:00;1.28
2025-07-13T04:00:00.000+01:00;1.29
2025-07-13T04:15:00.000+01:00;1.3
2025-07-13T04:30:00.000+01:00;1.3
2025-07-13T04:45:00.000+01:00;1.31
2025-07-13T05:00:00.000+01:00;1.32
2025-07-13T05:15:00.000+01:00;1.31
2025-07-13T05:30:00.000+01:00;1.32
2025-07-13T05:45:00.000+01:00;1.32
2025-07-13T06:00:00.000+01:00;1.33
2025-07-13T06:15:00.000+01:00;1.34
2025-07-13T06:30:00.000+01:00;1.35
2025-07-13T06:45:00.000+01:00;1.35
2025-07-13T07:00:00.000+01:00;1.36
2025-07-13T07:15:00.000+01:00;1.37
2025-07-13T07:30:00.000+01:00;1.37
2025-07-13T07:45:00.000+01:00;1.38
2025-07-13T08:00:00.000+01:00;1.39
2025-07-13T08:15:00.000+01:00;1.4
2025-07-13T08:30:00.000+01:00;1.4
2025-07-13T08:45:00.000+01:00;1.41
2025-07-13T09:00:00.000+01:00;1.42
2025-07-13T09:15:00.000+01:00;1.43
2025-07-13T09:30:00.000+01:00;1.44
2025-07-13T09:45:00.000+01:00;1.45
2025-07-13T10:00:00.000+01:00;1.45
2025-07-13T10:15:00.000+01:00;1.45
2025-07-13T10:30:00.000+01:00;1.45
2025-07-13T10:45:00.000+01:00;1.46
2025-07-13T11:00:00.000+01:00;1.47
2025-07-13T11:15:00.000+01:00;1.47
2025-07-13T11:30:00.000+01:00;1.48
2025-07-13T11:45:00.000+01:00;1.48
2025-07-13T12:00:00.000+01:00;1.48
2025-07-13T12:15:00.000+01:00;1.49
2025-07-13T12:30:00.000+01:00;1.5
2025-07-13T12:45:00.000+01:00;1.5
2025-07-13T13:00:00.000+01:00;1.51
2025-07-13T13:15:00.000+01:00;1.52
2025-07-13T13:30:00.000+01:00;1.52
2025-07-13T13:45:00.000+01:00;1.53
2025-07-13T14:00:00.000+01:00;1.54
2025-07-13T14:15:00.000+01:00;1.54
2025-07-13T14:30:00.000+01:00;1.55
2025-07-13T14:45:00.000+01:00;1.55
2025-07-13T15:00:00.000+01:00;1.57
2025-07-13T15:15:00.000+01:00;1.56
2025-07-13T15:30:00.000+01:00;1.57
2025-07-13T15:45:00.000+01:00;1.57
2025-07-13T16:00:00.000+01:00;1.57
2025-07-13T16:15:00.000+01:00;1.58
2025-07-13T16:30:00.000+01:00;1.58
2025-07-13T16:45:00.000+01:00;1.59
2025-07-13T17:00:00.000+01:00;1.59
2025-07-13T17:15:00.000+01:00;1.59
2025-07-13T17:30:00.000+01:00;1.6
2025-07-13T17:45:00.000+01:00;1.6
2025-07-13T18:00:00.000+01:00;1.59
2025-07-13T18:15:00.000+01:00;1.59
2025-07-13T18:30:00.000+01:00;1.61
2025-07-13T18:45:00.000+01:00;1.6
2025-07-13T19:00:00.000+01:00;1.6
2025-07-13T19:15:00.000+01:00;1.61
2025-07-13T19:30:00.000+01:00;1.61
2025-07-13T19:45:00.000+01:00;1.61
2025-07-13T20:00:00.000+01:00;1.62
2025-07-13T20:15:00.000+01:00;1.62
2025-07-13T20:30:00.000+01:00;1.62
2025-07-13T20:45:00.000+01:00;1.63
2025-07-13T21:00:00.000+01:00;1.63
2025-07-13T21:15:00.000+01:00;1.64
2025-07-13T21:30:00.000+01:00;1.64
2025-07-13T21:45:00.000+01:00;1.65
2025-07-13T22:00:00.000+01:00;1.65
2025-07-13T22:15:00.000+01:00;1.66
2025-07-13T22:30:00.000+01:00;1.66
2025-07-13T22:45:00.000+01:00;1.67
2025-07-13T23:00:00.000+01:00;1.67
2025-07-13T23:15:00.000+01:00;1.67
2025-07-13T23:30:00.000+01:00;1.68
2025-07-13T23:45:00.000+01:00;1.68
2025-07-14T00:00:00.000+01:00;1.68
2025-07-14T00:15:00.000+01:00;1.68
2025-07-14T00:30:00.000+01:00;1.68
2025-07-14T00:45:00.000+01:00;1.69
2025-07-14T01:00:00.000+01:00;1.69
2025-07-14T01:15:00.000+01:00;1.68
2025-07-14T01:30:00.000+01:00;1.69
2025-07-14T01:45:00.000+01:00;1.69
2025-07-14T02:00:00.000+01:00;1.69
2025-07-14T02:15:00.000+01:00;1.69
2025-07-14T02:30:00.000+01:00;1.69
2025-07-14T02:45:00.000+01:00;1.69
2025-07-14T03:00:00.000+01:00;1.69
2025-07-14T03:15:00.000+01:00;1.69
2025-07-14T03:30:00.000+01:00;1.69
2025-07-14T03:45:00.000+01:00;1.69
2025-07-14T04:00:00.000+01:00;1.69
2025-07-14T04:15:00.000+01:00;1.69
2025-07-14T04:30:00.000+01:00;1.69
2025-07-14T04:45:00.000+01:00;1.69
2025-07-14T05:00:00.000+01:00;1.7
2025-07-14T05:15:00.000+01:00;1.7
2025-07-14T05:30:00.000+01:00;1.7
2025-07-14T05:45:00.000+01:00;1.7
2025-07-14T06:00:00.000+01:00;1.7
2025-07-14T06:15:00.000+01:00;1.69
2025-07-14T06:30:00.000+01:00;1.69
2025-07-14T06:45:00.000+01:00;1.69
2025-07-14T07:00:00.000+01:00;1.69
2025-07-14T07:15:00.000+01:00;1.69
2025-07-14T07:30:00.000+01:00;1.69
2025-07-14T07:45:00.000+01:00;1.69
2025-07-14T08:00:00.000+01:00;1.69
2025-07-14T08:15:00.000+01:00;1.68
2025-07-14T08:30:00.000+01:00;1.68
2025-07-14T08:45:00.000+01:00;1.68
2025-07-14T09:00:00.000+01:00;1.68
2025-07-14T09:15:00.000+01:00;1.67
2025-07-14T09:30:00.000+01:00;1.67
2025-07-14T09:45:00.000+01:00;1.68
2025-07-14T10:00:00.000+01:00;1.67
2025-07-14T10:15:00.000+01:00;1.67
2025-07-14T10:30:00.000+01:00;1.67
2025-07-14T10:45:00.000+01:00;1.67
2025-07-14T11:00:00.000+01:00;1.67
2025-07-14T11:15:00.000+01:00;1.66
2025-07-14T11:30:00.000+01:00;1.66
2025-07-14T11:45:00.000+01:00;1.67
2025-07-14T12:00:00.000+01:00;1.66
2025-07-14T12:15:00.000+01:00;1.66
2025-07-14T12:30:00.000+01:00;1.65
2025-07-14T12:45:00.000+01:00;1.66
2025-07-14T13:00:00.000+01:00;1.66
2025-07-14T13:15:00.000+01:00;1.65
2025-07-14T13:30:00.000+01:00;1.65
2025-07-14T13:45:00.000+01:00;1.66
2025-07-14T14:00:00.000+01:00;1.66
2025-07-14T14:15:00.000+01:00;1.66
2025-07-14T14:30:00.000+01:00;1.66
2025-07-14T14:45:00.000+01:00;1.66
2025-07-14T15:00:00.000+01:00;1.66
2025-07-14T15:15:00.000+01:00;1.66
2025-07-14T15:30:00.000+01:00;1.66
2025-07-14T15:45:00.000+01:00;1.66
2025-07-14T16:00:00.000+01:00;1.66
2025-07-14T16:15:00.000+01:00;1.66
2025-07-14T16:30:00.000+01:00;1.67
2025-07-14T16:45:00.000+01:00;1.66
2025-07-14T17:00:00.000+01:00;1.66
2025-07-14T17:15:00.000+01:00;1.66
2025-07-14T17:30:00.000+01:00;1.67
2025-07-14T17:45:00.000+01:00;1.67
2025-07-14T18:00:00.000+01:00;1.66
2025-07-14T18:15:00.000+01:00;1.66
2025-07-14T18:30:00.000+01:00;1.66
2025-07-14T18:45:00.000+01:00;1.67
2025-07-14T19:00:00.000+01:00;1.67
2025-07-14T19:15:00.000+01:00;1.67
2025-07-14T19:30:00.000+01:00;1.67
2025-07-14T19:45:00.000+01:00;1.66
2025-07-14T20:00:00.000+01:00;1.67
2025-07-14T20:15:00.000+01:00;1.66
2025-07-14T20:30:00.000+01:00;1.66
2025-07-14T20:45:00.000+01:00;1.66
2025-07-14T21:00:00.000+01:00;1.66
2025-07-14T21:15:00.000+01:00;1.66
2025-07-14T21:30:00.000+01:00;1.66
2025-07-14T21:45:00.000+01:00;1.65
2025-07-14T22:00:00.000+01:00;1.65
2025-07-14T22:15:00.000+01:00;1.66
2025-07-14T22:30:00.000+01:00;1.67
2025-07-14T22:45:00.000+01:00;1.66
2025-07-14T23:00:00.000+01:00;1.67
2025-07-14T23:15:00.000+01:00;1.67
2025-07-14T23:30:00.000+01:00;1.66
2025-07-14T23:45:00.000+01:00;1.67
2025-07-15T00:00:00.000+01:00;1.67
2025-07-15T00:15:00.000+01:00;1.67
2025-07-15T00:30:00.000+01:00;1.67
2025-07-15T00:45:00.000+01:00;1.67
2025-07-15T01:00:00.000+01:00;1.67
2025-07-15T01:15:00.000+01:00;1.67
2025-07-15T01:30:00.000+01:00;1.68
2025-07-15T01:45:00.000+01:00;1.67
2025-07-15T02:00:00.000+01:00;1.67
2025-07-15T02:15:00.000+01:00;1.67
2025-07-15T02:30:00.000+01:00;1.67
2025-07-15T02:45:00.000+01:00;1.67
2025-07-15T03:00:00.000+01:00;1.67
2025-07-15T03:15:00.000+01:00;1.67
2025-07-15T03:30:00.000+01:00;1.67
2025-07-15T03:45:00.000+01:00;1.67
2025-07-15T04:00:00.000+01:00;1.67
2025-07-15T04:15:00.000+01:00;1.67
2025-07-15T04:30:00.000+01:00;1.67
2025-07-15T04:45:00.000+01:00;1.66
2025-07-15T05:00:00.000+01:00;1.67
2025-07-15T05:15:00.000+01:00;1.65
2025-07-15T05:30:00.000+01:00;1.65
2025-07-15T05:45:00.000+01:00;1.64
2025-07-15T06:00:00.000+01:00;1.64
2025-07-15T06:15:00.000+01:00;1.64
2025-07-15T06:30:00.000+01:00;1.63
2025-07-15T06:45:00.000+01:00;1.63
2025-07-15T07:00:00.000+01:00;1.62
2025-07-15T07:15:00.000+01:00;1.62
2025-07-15T07:30:00.000+01:00;1.62
2025-07-15T07:45:00.000+01:00;1.61
2025-07-15T08:00:00.000+01:00;1.61
2025-07-15T08:15:00.000+01:00;1.61
2025-07-15T08:30:00.000+01:00;1.6
2025-07-15T08:45:00.000+01:00;1.6
2025-07-15T09:00:00.000+01:00;1.6
2025-07-15T09:15:00.000+01:00;1.6
2025-07-15T09:30:00.000+01:00;1.59
2025-07-15T09:45:00.000+01:00;1.59
2025-07-15T10:00:00.000+01:00;1.58
2025-07-15T10:15:00.000+01:00;1.58
2025-07-15T10:30:00.000+01:00;1.58
2025-07-15T10:45:00.000+01:00;1.58
2025-07-15T11:00:00.000+01:00;1.58
2025-07-15T11:15:00.000+01:00;1.58
2025-07-15T11:30:00.000+01:00;1.58
2025-07-15T11:45:00.000+01:00;1.58
2025-07-15T12:00:00.000+01:00;1.58
2025-07-15T12:15:00.000+01:00;1.58
2025-07-15T12:30:00.000+01:00;1.58
2025-07-15T12:45:00.000+01:00;1.58
2025-07-15T13:00:00.000+01:00;1.59
2025-07-15T13:15:00.000+01:00;1.6
2025-07-15T13:30:00.000+01:00;1.6
2025-07-15T13:45:00.000+01:00;1.61
2025-07-15T14:00:00.000+01:00;1.65
2025-07-15T14:15:00.000+01:00;1.68
2025-07-15T14:30:00.000+01:00;1.72
2025-07-15T14:45:00.000+01:00;1.74
2025-07-15T15:00:00.000+01:00;1.77
2025-07-15T15:15:00.000+01:00;1.78
2025-07-15T15:30:00.000+01:00;1.79
2025-07-15T15:45:00.000+01:00;1.8
2025-07-15T16:00:00.000+01:00;1.8
2025-07-15T16:15:00.000+01:00;1.81
2025-07-15T16:30:00.000+01:00;1.81
2025-07-15T16:45:00.000+01:00;1.8
2025-07-15T17:00:00.000+01:00;1.79
2025-07-15T17:15:00.000+01:00;1.78
2025-07-15T17:30:00.000+01:00;1.78
2025-07-15T17:45:00.000+01:00;1.79
2025-07-15T18:00:00.000+01:00;1.79
2025-07-15T18:15:00.000+01:00;1.78
2025-07-15T18:30:00.000+01:00;1.78
2025-07-15T18:45:00.000+01:00;1.79
2025-07-15T19:00:00.000+01:00;1.8
2025-07-15T19:15:00.000+01:00;1.82
2025-07-15T19:30:00.000+01:00;1.82
2025-07-15T19:45:00.000+01:00;1.85
2025-07-15T20:00:00.000+01:00;1.85
2025-07-15T20:15:00.000+01:00;1.86
2025-07-15T20:30:00.000+01:00;1.86
2025-07-15T20:45:00.000+01:00;1.86
2025-07-15T21:00:00.000+01:00;1.87
2025-07-15T21:15:00.000+01:00;1.87
2025-07-15T21:30:00.000+01:00;1.87
2025-07-15T21:45:00.000+01:00;1.87
2025-07-15T22:00:00.000+01:00;1.88
2025-07-15T22:15:00.000+01:00;1.88
2025-07-15T22:30:00.000+01:00;1.88
2025-07-15T22:45:00.000+01:00;1.88
2025-07-15T23:00:00.000+01:00;1.87
2025-07-15T23:15:00.000+01:00;1.87
2025-07-15T23:30:00.000+01:00;1.86
2025-07-15T23:45:00.000+01:00;1.87
2025-07-16T00:00:00.000+01:00;1.86
2025-07-16T00:15:00.000+01:00;1.87
2025-07-16T00:30:00.000+01:00;1.86
2025-07-16T00:45:00.000+01:00;1.86
2025-07-16T01:00:00.000+01:00;1.86
2025-07-16T01:15:00.000+01:00;1.86
2025-07-16T01:30:00.000+01:00;1.85
2025-07-16T01:45:00.000+01:00;1.85
2025-07-16T02:00:00.000+01:00;1.86
2025-07-16T02:15:00.000+01:00;1.85
2025-07-16T02:30:00.000+01:00;1.85
2025-07-16T02:45:00.000+01:00;1.85
2025-07-16T03:00:00.000+01:00;1.85
2025-07-16T03:15:00.000+01:00;1.85
2025-07-16T03:30:00.000+01:00;1.85
2025-07-16T03:45:00.000+01:00;1.85
2025-07-16T04:00:00.000+01:00;1.85
2025-07-16T04:15:00.000+01:00;1.85
2025-07-16T04:30:00.000+01:00;1.84
2025-07-16T04:45:00.000+01:00;1.84
2025-07-16T05:00:00.000+01:00;1.85
2025-07-16T05:15:00.000+01:00;1.84
2025-07-16T05:30:00.000+01:00;1.85
2025-07-16T05:45:00.000+01:00;1.84
2025-07-16T06:00:00.000+01:00;1.83
2025-07-16T06:15:00.000+01:00;1.83
2025-07-16T06:30:00.000+01:00;1.82
2025-07-16T06:45:00.000+01:00;1.82
2025-07-16T07:00:00.000+01:00;1.82
2025-07-16T07:15:00.000+01:00;1.81
2025-07-16T07:30:00.000+01:00;1.81
2025-07-16T07:45:00.000+01:00;1.81
2025-07-16T08:00:00.000+01:00;1.8
2025-07-16T08:15:00.000+01:00;1.8
2025-07-16T08:30:00.000+01:00;1.8
2025-07-16T08:45:00.000+01:00;1.8
2025-07-16T09:00:00.000+01:00;1.8
2025-07-16T09:15:00.000+01:00;1.8
2025-07-16T09:30:00.000+01:00;1.79
2025-07-16T09:45:00.000+01:00;1.79
2025-07-16T10:00:00.000+01:00;1.79
2025-07-16T10:15:00.000+01:00;1.78
2025-07-16T10:30:00.000+01:00;1.78
2025-07-16T10:45:00.000+01:00;1.78
2025-07-16T11:00:00.000+01:00;3.01
2025-07-16T11:15:00.000+01:00;2.94
2025-07-16T11:30:00.000+01:00;2.89
2025-07-16T11:45:00.000+01:00;2.84
2025-07-16T12:00:00.000+01:00;2.8
2025-07-16T12:15:00.000+01:00;2.77
2025-07-16T12:30:00.000+01:00;2.74
2025-07-16T12:45:00.000+01:00;2.72
2025-07-16T13:00:00.000+01:00;2.7
2025-07-16T13:15:00.000+01:00;2.69
2025-07-16T13:30:00.000+01:00;2.68
2025-07-16T13:45:00.000+01:00;2.66
2025-07-16T14:00:00.000+01:00;2.65
2025-07-16T14:15:00.000+01:00;2.63
2025-07-16T14:30:00.000+01:00;2.63
2025-07-16T14:45:00.000+01:00;2.61
2025-07-16T15:00:00.000+01:00;2.6
2025-07-16T15:15:00.000+01:00;2.58
2025-07-16T15:30:00.000+01:00;2.58
2025-07-16T15:45:00.000+01:00;2.58
2025-07-16T16:00:00.000+01:00;2.57
2025-07-16T16:15:00.000+01:00;2.56
2025-07-16T16:30:00.000+01:00;2.56
2025-07-16T16:45:00.000+01:00;2.55
2025-07-16T17:00:00.000+01:00;2.55
2025-07-16T17:15:00.000+01:00;2.55
2025-07-16T17:30:00.000+01:00;2.54
2025-07-16T17:45:00.000+01:00;2.53
2025-07-16T18:00:00.000+01:00;2.53
2025-07-16T18:15:00.000+01:00;2.53
2025-07-16T18:30:00.000+01:00;2.52
2025-07-16T18:45:00.000+01:00;2.52
2025-07-16T19:00:00.000+01:00;2.52
2025-07-16T19:15:00.000+01:00;2.52
2025-07-16T19:30:00.000+01:00;2.51
2025-07-16T19:45:00.000+01:00;2.51
2025-07-16T20:00:00.000+01:00;2.51
2025-07-16T20:15:00.000+01:00;2.5
2025-07-16T20:30:00.000+01:00;2.5
2025-07-16T20:45:00.000+01:00;2.5
2025-07-16T21:00:00.000+01:00;2.5
2025-07-16T21:15:00.000+01:00;2.5
2025-07-16T21:30:00.000+01:00;2.5
2025-07-16T21:45:00.000+01:00;2.5
2025-07-16T22:00:00.000+01:00;2.5
2025-07-16T22:15:00.000+01:00;2.5
2025-07-16T22:30:00.000+01:00;2.5
2025-07-16T22:45:00.000+01:00;2.5
2025-07-16T23:00:00.000+01:00;2.5
2025-07-16T23:15:00.000+01:00;2.5
2025-07-16T23:30:00.000+01:00;2.49
2025-07-16T23:45:00.000+01:00;2.5
2025-07-17T00:00:00.000+01:00;2.49
2025-07-17T00:15:00.000+01:00;2.5
2025-07-17T00:30:00.000+01:00;2.5
2025-07-17T00:45:00.000+01:00;2.5
2025-07-17T01:00:00.000+01:00;2.5
2025-07-17T01:15:00.000+01:00;2.5
2025-07-17T01:30:00.000+01:00;2.5
2025-07-17T01:45:00.000+01:00;2.5
2025-07-17T02:00:00.000+01:00;2.51
2025-07-17T02:15:00.000+01:00;2.51
2025-07-17T02:30:00.000+01:00;2.51
2025-07-17T02:45:00.000+01:00;2.5
2025-07-17T03:00:00.000+01:00;2.51
2025-07-17T03:15:00.000+01:00;2.5
2025-07-17T03:30:00.000+01:00;2.51
2025-07-17T03:45:00.000+01:00;2.51
2025-07-17T04:00:00.000+01:00;2.51
2025-07-17T04:15:00.000+01:00;2.51
2025-07-17T04:30:00.000+01:00;2.51
2025-07-17T04:45:00.000+01:00;2.51
2025-07-17T05:00:00.000+01:00;2.51
2025-07-17T05:15:00.000+01:00;2.51
2025-07-17T05:30:00.000+01:00;2.51
2025-07-17T05:45:00.000+01:00;2.51
2025-07-17T06:00:00.000+01:00;2.51
2025-07-17T06:15:00.000+01:00;2.51
2025-07-17T06:30:00.000+01:00;2.51
2025-07-17T06:45:00.000+01:00;2.5
2025-07-17T07:00:00.000+01:00;2.5
2025-07-17T07:15:00.000+01:00;2.5
2025-07-17T07:30:00.000+01:00;2.5
2025-07-17T07:45:00.000+01:00;2.5
2025-07-17T08:00:00.000+01:00;2.5
2025-07-17T08:15:00.000+01:00;2.5
2025-07-17T08:30:00.000+01:00;2.5
2025-07-17T08:45:00.000+01:00;2.5
2025-07-17T09:00:00.000+01:00;2.49
2025-07-17T09:15:00.000+01:00;2.49
2025-07-17T09:30:00.000+01:00;2.49
2025-07-17T09:45:00.000+01:00;2.49
2025-07-17T10:00:00.000+01:00;2.47
2025-07-17T10:15:00.000+01:00;2.48
2025-07-17T10:30:00.000+01:00;2.47
2025-07-17T10:45:00.000+01:00;2.47
2025-07-17T11:00:00.000+01:00;2.47
2025-07-17T11:15:00.000+01:00;2.46
2025-07-17T11:30:00.000+01:00;2.45
2025-07-17T11:45:00.000+01:00;2.44
2025-07-17T12:00:00.000+01:00;2.42
2025-07-17T12:15:00.000+01:00;2.4
2025-07-17T12:30:00.000+01:00;2.41
2025-07-17T12:45:00.000+01:00;2.41
2025-07-17T13:00:00.000+01:00;2.4
2025-07-17T13:15:00.000+01:00;2.4
2025-07-17T13:30:00.000+01:00;2.41
2025-07-17T13:45:00.000+01:00;2.39
2025-07-17T14:00:00.000+01:00;2.4
2025-07-17T14:15:00.000+01:00;2.4
2025-07-17T14:30:00.000+01:00;2.4
2025-07-17T14:45:00.000+01:00;2.39
2025-07-17T15:00:00.000+01:00;2.4
2025-07-17T15:15:00.000+01:00;2.39
2025-07-17T15:30:00.000+01:00;2.4
2025-07-17T15:45:00.000+01:00;2.4
2025-07-17T16:00:00.000+01:00;2.4
2025-07-17T16:15:00.000+01:00;2.39
2025-07-17T16:30:00.000+01:00;2.38
2025-07-17T16:45:00.000+01:00;2.4
2025-07-17T17:00:00.000+01:00;2.4
2025-07-17T17:15:00.000+01:00;2.39
2025-07-17T17:30:00.000+01:00;2.4
2025-07-17T17:45:00.000+01:00;2.4
2025-07-17T18:00:00.000+01:00;2.4
2025-07-17T18:15:00.000+01:00;2.39
2025-07-17T18:30:00.000+01:00;2.38
2025-07-17T18:45:00.000+01:00;2.37
2025-07-17T19:00:00.000+01:00;2.37
2025-07-17T19:15:00.000+01:00;2.37
2025-07-17T19:30:00.000+01:00;2.37
2025-07-17T19:45:00.000+01:00;2.36
2025-07-17T20:00:00.000+01:00;2.36
2025-07-17T20:15:00.000+01:00;2.36
2025-07-17T20:30:00.000+01:00;2.36
2025-07-17T20:45:00.000+01:00;2.35
2025-07-17T21:00:00.000+01:00;2.35
2025-07-17T21:15:00.000+01:00;2.35
2025-07-17T21:30:00.000+01:00;2.35
2025-07-17T21:45:00.000+01:00;2.35
2025-07-17T22:00:00.000+01:00;2.35
2025-07-17T22:15:00.000+01:00;2.34
2025-07-17T22:30:00.000+01:00;2.34
2025-07-17T22:45:00.000+01:00;2.34
2025-07-17T23:00:00.000+01:00;2.35
2025-07-17T23:15:00.000+01:00;2.35
2025-07-17T23:30:00.000+01:00;2.35
2025-07-17T23:45:00.000+01:00;2.35
2025-07-18T00:00:00.000+01:00;2.35
2025-07-18T00:15:00.000+01:00;2.34
2025-07-18T00:30:00.000+01:00;2.34
2025-07-18T00:45:00.000+01:00;2.35
2025-07-18T01:00:00.000+01:00;2.34
2025-07-18T01:15:00.000+01:00;2.35
2025-07-18T01:30:00.000+01:00;2.35
2025-07-18T01:45:00.000+01:00;2.35
2025-07-18T02:00:00.000+01:00;2.34
2025-07-18T02:15:00.000+01:00;2.34
2025-07-18T02:30:00.000+01:00;2.34
2025-07-18T02:45:00.000+01:00;2.34
2025-07-18T03:00:00.000+01:00;2.34
2025-07-18T03:15:00.000+01:00;2.34
2025-07-18T03:30:00.000+01:00;2.34
2025-07-18T03:45:00.000+01:00;2.33
2025-07-18T04:00:00.000+01:00;2.32
2025-07-18T04:15:00.000+01:00;2.32
2025-07-18T04:30:00.000+01:00;2.31
2025-07-18T04:45:00.000+01:00;2.31
2025-07-18T05:00:00.000+01:00;2.3
2025-07-18T05:15:00.000+01:00;2.3
2025-07-18T05:30:00.000+01:00;2.29
2025-07-18T05:45:00.000+01:00;2.29
2025-07-18T06:00:00.000+01:00;2.28
2025-07-18T06:15:00.000+01:00;2.26
2025-07-18T06:30:00.000+01:00;2.25
2025-07-18T06:45:00.000+01:00;2.24
2025-07-18T07:00:00.000+01:00;2.24
2025-07-18T07:15:00.000+01:00;2.23
2025-07-18T07:30:00.000+01:00;2.22
2025-07-18T07:45:00.000+01:00;2.22
2025-07-18T08:00:00.000+01:00;2.21
2025-07-18T08:15:00.000+01:00;2.21
2025-07-18T08:30:00.000+01:00;2.2
2025-07-18T08:45:00.000+01:00;2.2
2025-07-18T09:00:00.000+01:00;2.2
2025-07-18T09:15:00.000+01:00;2.19
2025-07-18T09:30:00.000+01:00;2.19
2025-07-18T09:45:00.000+01:00;2.18
2025-07-18T10:00:00.000+01:00;2.18
2025-07-18T10:15:00.000+01:00;2.18
2025-07-18T10:30:00.000+01:00;2.18
2025-07-18T10:45:00.000+01:00;2.17
2025-07-18T11:00:00.000+01:00;2.18
2025-07-18T11:15:00.000+01:00;2.16
2025-07-18T11:30:00.000+01:00;2.15
2025-07-18T11:45:00.000+01:00;2.14
2025-07-18T12:00:00.000+01:00;2.12
2025-07-18T12:15:00.000+01:00;2.12
2025-07-18T12:30:00.000+01:00;2.12
2025-07-18T12:45:00.000+01:00;2.11
2025-07-18T13:00:00.000+01:00;2.09
2025-07-18T13:15:00.000+01:00;2.08
2025-07-18T13:30:00.000+01:00;2.07
2025-07-18T13:45:00.000+01:00;2.06
2025-07-18T14:00:00.000+01:00;2.05
2025-07-18T14:15:00.000+01:00;2.05
2025-07-18T14:30:00.000+01:00;2.04
2025-07-18T14:45:00.000+01:00;2.04
2025-07-18T15:00:00.000+01:00;2.04
2025-07-18T15:15:00.000+01:00;2.04
2025-07-18T15:30:00.000+01:00;2.03
2025-07-18T15:45:00.000+01:00;2.03
2025-07-18T16:00:00.000+01:00;2.03
2025-07-18T16:15:00.000+01:00;2.03
2025-07-18T16:30:00.000+01:00;2.03
2025-07-18T16:45:00.000+01:00;2.04
2025-07-18T17:00:00.000+01:00;2.04
2025-07-18T17:15:00.000+01:00;2.04
2025-07-18T17:30:00.000+01:00;2.04
2025-07-18T17:45:00.000+01:00;2.04
2025-07-18T18:00:00.000+01:00;2.04
2025-07-18T18:15:00.000+01:00;2.04
2025-07-18T18:30:00.000+01:00;2.04
2025-07-18T18:45:00.000+01:00;2.04
2025-07-18T19:00:00.000+01:00;2.04
2025-07-18T19:15:00.000+01:00;2.04
2025-07-18T19:30:00.000+01:00;2.04
2025-07-18T19:45:00.000+01:00;2.05
2025-07-18T20:00:00.000+01:00;2.05
2025-07-18T20:15:00.000+01:00;2.04
2025-07-18T20:30:00.000+01:00;2.04
2025-07-18T20:45:00.000+01:00;2.04
2025-07-18T21:00:00.000+01:00;2.05
2025-07-18T21:15:00.000+01:00;2.05
2025-07-18T21:30:00.000+01:00;2.05
2025-07-18T21:45:00.000+01:00;2.04
2025-07-18T22:00:00.000+01:00;2.04
2025-07-18T22:15:00.000+01:00;2.04
2025-07-18T22:30:00.000+01:00;2.04
2025-07-18T22:45:00.000+01:00;2.04
2025-07-18T23:00:00.000+01:00;2.04
2025-07-18T23:15:00.000+01:00;2.04
2025-07-18T23:30:00.000+01:00;2.04
2025-07-18T23:45:00.000+01:00;2.04
2025-07-19T00:00:00.000+01:00;2.03
2025-07-19T00:15:00.000+01:00;2.03
2025-07-19T00:30:00.000+01:00;2.03
2025-07-19T00:45:00.000+01:00;2.04
2025-07-19T01:00:00.000+01:00;2.04
2025-07-19T01:15:00.000+01:00;2.04
2025-07-19T01:30:00.000+01:00;2.04
2025-07-19T01:45:00.000+01:00;2.04
2025-07-19T02:00:00.000+01:00;2.04
2025-07-19T02:15:00.000+01:00;2.03
2025-07-19T02:30:00.000+01:00;2.03
2025-07-19T02:45:00.000+01:00;2.03
2025-07-19T03:00:00.000+01:00;2.03
2025-07-19T03:15:00.000+01:00;2.03
2025-07-19T03:30:00.000+01:00;2.03
2025-07-19T03:45:00.000+01:00;2.03
2025-07-19T04:00:00.000+01:00;2.02
2025-07-19T04:15:00.000+01:00;2.03
2025-07-19T04:30:00.000+01:00;2.03
2025-07-19T04:45:00.000+01:00;2.02
2025-07-19T05:00:00.000+01:00;2.03
2025-07-19T05:15:00.000+01:00;2.03
2025-07-19T05:30:00.000+01:00;2.03
2025-07-19T05:45:00.000+01:00;2.03
2025-07-19T06:00:00.000+01:00;2.02
2025-07-19T06:15:00.000+01:00;2.02
2025-07-19T06:30:00.000+01:00;2.01
2025-07-19T06:45:00.000+01:00;2.01
2025-07-19T07:00:00.000+01:00;2
2025-07-19T07:15:00.000+01:00;1.99
2025-07-19T07:30:00.000+01:00;2
2025-07-19T07:45:00.000+01:00;2
2025-07-19T08:00:00.000+01:00;1.99
2025-07-19T08:15:00.000+01:00;1.99
2025-07-19T08:30:00.000+01:00;1.99
2025-07-19T08:45:00.000+01:00;1.99
2025-07-19T09:00:00.000+01:00;1.98
2025-07-19T09:15:00.000+01:00;1.98
2025-07-19T09:30:00.000+01:00;1.98
2025-07-19T09:45:00.000+01:00;1.98
2025-07-19T10:00:00.000+01:00;1.98
2025-07-19T10:15:00.000+01:00;1.97
2025-07-19T10:30:00.000+01:00;1.97
2025-07-19T10:45:00.000+01:00;1.97
2025-07-19T11:00:00.000+01:00;1.97
2025-07-19T11:15:00.000+01:00;1.97
2025-07-19T11:30:00.000+01:00;1.97
2025-07-19T11:45:00.000+01:00;1.96
2025-07-19T12:00:00.000+01:00;1.96
2025-07-19T12:15:00.000+01:00;1.96
2025-07-19T12:30:00.000+01:00;1.95
2025-07-19T12:45:00.000+01:00;1.94
2025-07-19T13:00:00.000+01:00;1.94
2025-07-19T13:15:00.000+01:00;1.94
2025-07-19T13:30:00.000+01:00;1.93
2025-07-19T13:45:00.000+01:00;1.93
2025-07-19T14:00:00.000+01:00;1.92
2025-07-19T14:15:00.000+01:00;1.92
2025-07-19T14:30:00.000+01:00;1.92
2025-07-19T14:45:00.000+01:00;1.92
2025-07-19T15:00:00.000+01:00;1.91
2025-07-19T15:15:00.000+01:00;1.92
2025-07-19T15:30:00.000+01:00;1.91
2025-07-19T15:45:00.000+01:00;1.91
2025-07-19T16:00:00.000+01:00;1.91
2025-07-19T16:15:00.000+01:00;1.9
2025-07-19T16:30:00.000+01:00;1.9
2025-07-19T16:45:00.000+01:00;1.91
2025-07-19T17:00:00.000+01:00;1.91
2025-07-19T17:15:00.000+01:00;1.91
2025-07-19T17:30:00.000+01:00;1.91
2025-07-19T17:45:00.000+01:00;1.91
2025-07-19T18:00:00.000+01:00;1.91
2025-07-19T18:15:00.000+01:00;1.89
2025-07-19T18:30:00.000+01:00;1.87
2025-07-19T18:45:00.000+01:00;1.85
2025-07-19T19:00:00.000+01:00;1.84
2025-07-19T19:15:00.000+01:00;1.83
2025-07-19T19:30:00.000+01:00;1.82
2025-07-19T19:45:00.000+01:00;1.82
2025-07-19T20:00:00.000+01:00;1.82
2025-07-19T20:15:00.000+01:00;1.81
2025-07-19T20:30:00.000+01:00;1.81
2025-07-19T20:45:00.000+01:00;1.8
2025-07-19T21:00:00.000+01:00;1.8
2025-07-19T21:15:00.000+01:00;1.8
2025-07-19T21:30:00.000+01:00;1.8
2025-07-19T21:45:00.000+01:00;1.8
2025-07-19T22:00:00.000+01:00;1.8
2025-07-19T22:15:00.000+01:00;1.82
2025-07-19T22:30:00.000+01:00;1.83
2025-07-19T22:45:00.000+01:00;1.84
2025-07-19T23:00:00.000+01:00;1.85
2025-07-19T23:15:00.000+01:00;1.85
2025-07-19T23:30:00.000+01:00;1.86
2025-07-19T23:45:00.000+01:00;1.86
2025-07-20T00:00:00.000+01:00;1.86
2025-07-20T00:15:00.000+01:00;1.87
2025-07-20T00:30:00.000+01:00;1.87
2025-07-20T00:45:00.000+01:00;1.87
2025-07-20T01:00:00.000+01:00;1.87
2025-07-20T01:15:00.000+01:00;1.87
2025-07-20T01:30:00.000+01:00;1.87
2025-07-20T01:45:00.000+01:00;1.87
2025-07-20T02:00:00.000+01:00;1.87
2025-07-20T02:15:00.000+01:00;1.87
2025-07-20T02:30:00.000+01:00;1.87
2025-07-20T02:45:00.000+01:00;1.87
2025-07-20T03:00:00.000+01:00;1.87
2025-07-20T03:15:00.000+01:00;1.87
2025-07-20T03:30:00.000+01:00;1.87
2025-07-20T03:45:00.000+01:00;1.87
2025-07-20T04:00:00.000+01:00;1.86
2025-07-20T04:15:00.000+01:00;1.86
2025-07-20T04:30:00.000+01:00;1.86
2025-07-20T04:45:00.000+01:00;1.85
2025-07-20T05:00:00.000+01:00;1.85
2025-07-20T05:15:00.000+01:00;1.84
2025-07-20T05:30:00.000+01:00;1.84
2025-07-20T05:45:00.000+01:00;1.83
2025-07-20T06:00:00.000+01:00;1.83
2025-07-20T06:15:00.000+01:00;1.83
2025-07-20T06:30:00.000+01:00;1.81
2025-07-20T06:45:00.000+01:00;1.81
2025-07-20T07:00:00.000+01:00;1.8
2025-07-20T07:15:00.000+01:00;1.8
2025-07-20T07:30:00.000+01:00;1.79
2025-07-20T07:45:00.000+01:00;1.79
2025-07-20T08:00:00.000+01:00;1.79
2025-07-20T08:15:00.000+01:00;1.78
2025-07-20T08:30:00.000+01:00;1.78
2025-07-20T08:45:00.000+01:00;1.77
2025-07-20T09:00:00.000+01:00;1.77
2025-07-20T09:15:00.000+01:00;1.77
2025-07-20T09:30:00.000+01:00;1.77
2025-07-20T09:45:00.000+01:00;1.76
2025-07-20T10:00:00.000+01:00;1.75
2025-07-20T10:15:00.000+01:00;1.76
2025-07-20T10:30:00.000+01:00;1.75
2025-07-20T10:45:00.000+01:00;1.75
2025-07-20T11:00:00.000+01:00;1.75
2025-07-20T11:15:00.000+01:00;1.76
2025-07-20T11:30:00.000+01:00;1.76
2025-07-20T11:45:00.000+01:00;1.75
2025-07-20T12:00:00.000+01:00;1.74
2025-07-20T12:15:00.000+01:00;1.75
2025-07-20T12:30:00.000+01:00;1.76
2025-07-20T12:45:00.000+01:00;1.75
2025-07-20T13:00:00.000+01:00;1.74
2025-07-20T13:15:00.000+01:00;1.75
2025-07-20T13:30:00.000+01:00;1.75
2025-07-20T13:45:00.000+01:00;1.75
2025-07-20T14:00:00.000+01:00;1.75
2025-07-20T14:15:00.000+01:00;1.75
2025-07-20T14:30:00.000+01:00;1.75
2025-07-20T14:45:00.000+01:00;1.75
2025-07-20T15:00:00.000+01:00;1.75
2025-07-20T15:15:00.000+01:00;1.74
2025-07-20T15:30:00.000+01:00;1.74
2025-07-20T15:45:00.000+01:00;1.74
2025-07-20T16:00:00.000+01:00;1.74
2025-07-20T16:15:00.000+01:00;1.73
2025-07-20T16:30:00.000+01:00;1.74
2025-07-20T16:45:00.000+01:00;1.74
2025-07-20T17:00:00.000+01:00;1.74
2025-07-20T17:15:00.000+01:00;1.74
2025-07-20T17:30:00.000+01:00;1.73
2025-07-20T17:45:00.000+01:00;1.72
2025-07-20T18:00:00.000+01:00;1.71
2025-07-20T18:15:00.000+01:00;1.71
2025-07-20T18:30:00.000+01:00;1.7
2025-07-20T18:45:00.000+01:00;1.7
2025-07-20T19:00:00.000+01:00;1.7
2025-07-20T19:15:00.000+01:00;1.7
2025-07-20T19:30:00.000+01:00;1.7
2025-07-20T19:45:00.000+01:00;1.69
2025-07-20T20:00:00.000+01:00;1.69
2025-07-20T20:15:00.000+01:00;1.69
2025-07-20T20:30:00.000+01:00;1.69
2025-07-20T20:45:00.000+01:00;1.69
2025-07-20T21:00:00.000+01:00;1.7
2025-07-20T21:15:00.000+01:00;1.7
2025-07-20T21:30:00.000+01:00;1.7
2025-07-20T21:45:00.000+01:00;1.7
2025-07-20T22:00:00.000+01:00;1.7
2025-07-20T22:15:00.000+01:00;1.71
2025-07-20T22:30:00.000+01:00;1.71
2025-07-20T22:45:00.000+01:00;1.71
2025-07-20T23:00:00.000+01:00;1.71
2025-07-20T23:15:00.000+01:00;1.71
2025-07-20T23:30:00.000+01:00;1.71
2025-07-20T23:45:00.000+01:00;1.71
2025-07-21T00:00:00.000+01:00;1.72
2025-07-21T00:15:00.000+01:00;1.72
2025-07-21T00:30:00.000+01:00;1.72
2025-07-21T00:45:00.000+01:00;1.72
2025-07-21T01:00:00.000+01:00;1.72
2025-07-21T01:15:00.000+01:00;1.72
2025-07-21T01:30:00.000+01:00;1.72
2025-07-21T01:45:00.000+01:00;1.72
2025-07-21T02:00:00.000+01:00;1.71
2025-07-21T02:15:00.000+01:00;1.72
2025-07-21T02:30:00.000+01:00;1.72
2025-07-21T02:45:00.000+01:00;1.72
2025-07-21T03:00:00.000+01:00;1.71
2025-07-21T03:15:00.000+01:00;1.71
2025-07-21T03:30:00.000+01:00;1.71
2025-07-21T03:45:00.000+01:00;1.71
2025-07-21T04:00:00.000+01:00;1.7
2025-07-21T04:15:00.000+01:00;1.7
2025-07-21T04:30:00.000+01:00;1.7
2025-07-21T04:45:00.000+01:00;1.7
2025-07-21T05:00:00.000+01:00;1.7
2025-07-21T05:15:00.000+01:00;1.7
2025-07-21T05:30:00.000+01:00;1.7
2025-07-21T05:45:00.000+01:00;1.69
2025-07-21T06:00:00.000+01:00;1.69
2025-07-21T06:15:00.000+01:00;1.69
2025-07-21T06:30:00.000+01:00;1.68
2025-07-21T06:45:00.000+01:00;1.68
2025-07-21T07:00:00.000+01:00;1.67
2025-07-21T07:15:00.000+01:00;1.67
2025-07-21T07:30:00.000+01:00;1.66
2025-07-21T07:45:00.000+01:00;1.66
2025-07-21T08:00:00.000+01:00;1.66
2025-07-21T08:15:00.000+01:00;1.66
2025-07-21T08:30:00.000+01:00;1.66
2025-07-21T08:45:00.000+01:00;1.66
2025-07-21T09:00:00.000+01:00;1.65
2025-07-21T09:15:00.000+01:00;1.65
2025-07-21T09:30:00.000+01:00;1.65
2025-07-21T09:45:00.000+01:00;1.64
2025-07-21T10:00:00.000+01:00;1.64
2025-07-21T10:15:00.000+01:00;1.63
2025-07-21T10:30:00.000+01:00;1.63
2025-07-21T10:45:00.000+01:00;1.63
2025-07-21T11:00:00.000+01:00;1.64
2025-07-21T11:15:00.000+01:00;1.63
2025-07-21T11:30:00.000+01:00;1.63
2025-07-21T11:45:00.000+01:00;1.63
2025-07-21T12:00:00.000+01:00;1.62
2025-07-21T12:15:00.000+01:00;1.61
2025-07-21T12:30:00.000+01:00;1.62
2025-07-21T12:45:00.000+01:00;1.62
2025-07-21T13:00:00.000+01:00;1.61
2025-07-21T13:15:00.000+01:00;1.63
2025-07-21T13:30:00.000+01:00;1.63
2025-07-21T13:45:00.000+01:00;1.62
2025-07-21T14:00:00.000+01:00;1.62
2025-07-21T14:15:00.000+01:00;1.61
2025-07-21T14:30:00.000+01:00;1.62
2025-07-21T14:45:00.000+01:00;1.61
2025-07-21T15:00:00.000+01:00;1.62
2025-07-21T15:15:00.000+01:00;1.61
2025-07-21T15:30:00.000+01:00;1.59
2025-07-21T15:45:00.000+01:00;1.59
2025-07-21T16:00:00.000+01:00;1.59
2025-07-21T16:15:00.000+01:00;1.58
2025-07-21T16:30:00.000+01:00;1.58
2025-07-21T16:45:00.000+01:00;1.58
2025-07-21T17:00:00.000+01:00;1.58
2025-07-21T17:15:00.000+01:00;1.58
2025-07-21T17:30:00.000+01:00;1.58
2025-07-21T17:45:00.000+01:00;1.58
2025-07-21T18:00:00.000+01:00;1.58
2025-07-21T18:15:00.000+01:00;1.58
2025-07-21T18:30:00.000+01:00;1.59
2025-07-21T18:45:00.000+01:00;1.58
2025-07-21T19:00:00.000+01:00;1.58
2025-07-21T19:15:00.000+01:00;1.58
2025-07-21T19:30:00.000+01:00;1.58
2025-07-21T19:45:00.000+01:00;1.58
2025-07-21T20:00:00.000+01:00;1.58
2025-07-21T20:15:00.000+01:00;1.58
2025-07-21T20:30:00.000+01:00;1.58
2025-07-21T20:45:00.000+01:00;1.57
2025-07-21T21:00:00.000+01:00;1.58
2025-07-21T21:15:00.000+01:00;1.59
2025-07-21T21:30:00.000+01:00;1.58
2025-07-21T21:45:00.000+01:00;1.58
2025-07-21T22:00:00.000+01:00;1.58
2025-07-21T22:15:00.000+01:00;1.58
2025-07-21T22:30:00.000+01:00;1.58
2025-07-21T22:45:00.000+01:00;1.59
2025-07-21T23:00:00.000+01:00;1.58
2025-07-21T23:15:00.000+01:00;1.59
2025-07-21T23:30:00.000+01:00;1.59
2025-07-21T23:45:00.000+01:00;1.58
2025-07-22T00:00:00.000+01:00;1.59
2025-07-22T00:15:00.000+01:00;1.59
2025-07-22T00:30:00.000+01:00;1.59
2025-07-22T00:45:00.000+01:00;1.59
2025-07-22T01:00:00.000+01:00;1.59
2025-07-22T01:15:00.000+01:00;1.59
2025-07-22T01:30:00.000+01:00;1.59
2025-07-22T01:45:00.000+01:00;1.6
2025-07-22T02:00:00.000+01:00;1.6
2025-07-22T02:15:00.000+01:00;1.6
2025-07-22T02:30:00.000+01:00;1.6
2025-07-22T02:45:00.000+01:00;1.6
2025-07-22T03:00:00.000+01:00;1.6
2025-07-22T03:15:00.000+01:00;1.61
2025-07-22T03:30:00.000+01:00;1.61
2025-07-22T03:45:00.000+01:00;1.61
2025-07-22T04:00:00.000+01:00;1.61
2025-07-22T04:15:00.000+01:00;1.61
2025-07-22T04:30:00.000+01:00;1.61
2025-07-22T04:45:00.000+01:00;1.61
2025-07-22T05:00:00.000+01:00;1.62
2025-07-22T05:15:00.000+01:00;1.62
2025-07-22T05:30:00.000+01:00;1.62
2025-07-22T05:45:00.000+01:00;1.62
2025-07-22T06:00:00.000+01:00;1.62
2025-07-22T06:15:00.000+01:00;1.62
2025-07-22T06:30:00.000+01:00;1.61
2025-07-22T06:45:00.000+01:00;1.61
2025-07-22T07:00:00.000+01:00;1.61
2025-07-22T07:15:00.000+01:00;1.61
2025-07-22T07:30:00.000+01:00;1.6
2025-07-22T07:45:00.000+01:00;1.6
2025-07-22T08:00:00.000+01:00;1.6
2025-07-22T08:15:00.000+01:00;1.6
2025-07-22T08:30:00.000+01:00;1.6
2025-07-22T08:45:00.000+01:00;1.6
2025-07-22T09:00:00.000+01:00;1.6
2025-07-22T09:15:00.000+01:00;1.6
2025-07-22T09:30:00.000+01:00;1.59
2025-07-22T09:45:00.000+01:00;1.6
2025-07-22T10:00:00.000+01:00;1.6
2025-07-22T10:15:00.000+01:00;1.6
2025-07-22T10:30:00.000+01:00;1.6
2025-07-22T10:45:00.000+01:00;1.6
2025-07-22T11:00:00.000+01:00;0.97
2025-07-22T11:15:00.000+01:00;1.01
2025-07-22T11:30:00.000+01:00;1.03
2025-07-22T11:45:00.000+01:00;1.06
2025-07-22T12:00:00.000+01:00;1.07
2025-07-22T12:15:00.000+01:00;1.09
2025-07-22T12:30:00.000+01:00;1.1
2025-07-22T12:45:00.000+01:00;1.11
2025-07-22T13:00:00.000+01:00;1.12
2025-07-22T13:15:00.000+01:00;1.14
2025-07-22T13:30:00.000+01:00;1.14
2025-07-22T13:45:00.000+01:00;1.1
2025-07-22T14:00:00.000+01:00;1.07
2025-07-22T14:15:00.000+01:00;1.04
2025-07-22T14:30:00.000+01:00;1.01
2025-07-22T14:45:00.000+01:00;1
2025-07-22T15:00:00.000+01:00;0.98
2025-07-22T15:15:00.000+01:00;0.97
2025-07-22T15:30:00.000+01:00;0.95
2025-07-22T15:45:00.000+01:00;0.94
2025-07-22T16:00:00.000+01:00;0.93
2025-07-22T16:15:00.000+01:00;0.92
2025-07-22T16:30:00.000+01:00;0.93
2025-07-22T16:45:00.000+01:00;0.93
2025-07-22T17:00:00.000+01:00;0.92
2025-07-22T17:15:00.000+01:00;0.91
2025-07-22T17:30:00.000+01:00;0.91
2025-07-22T17:45:00.000+01:00;0.9
2025-07-22T18:00:00.000+01:00;0.9
2025-07-22T18:15:00.000+01:00;0.9
2025-07-22T18:30:00.000+01:00;0.89
2025-07-22T18:45:00.000+01:00;0.89
2025-07-22T19:00:00.000+01:00;0.89
2025-07-22T19:15:00.000+01:00;0.89
2025-07-22T19:30:00.000+01:00;0.88
2025-07-22T19:45:00.000+01:00;0.88
2025-07-22T20:00:00.000+01:00;0.88
2025-07-22T20:15:00.000+01:00;0.89
2025-07-22T20:30:00.000+01:00;0.91
2025-07-22T20:45:00.000+01:00;0.93
2025-07-22T21:00:00.000+01:00;0.94
2025-07-22T21:15:00.000+01:00;0.95
2025-07-22T21:30:00.000+01:00;0.96
2025-07-22T21:45:00.000+01:00;0.97
2025-07-22T22:00:00.000+01:00;0.97
2025-07-22T22:15:00.000+01:00;0.98
2025-07-22T22:30:00.000+01:00;0.99
2025-07-22T22:45:00.000+01:00;0.99
2025-07-22T23:00:00.000+01:00;0.99
2025-07-22T23:15:00.000+01:00;1
2025-07-22T23:30:00.000+01:00;1
2025-07-22T23:45:00.000+01:00;1
2025-07-23T00:00:00.000+01:00;1
2025-07-23T00:15:00.000+01:00;1
2025-07-23T00:30:00.000+01:00;1.01
2025-07-23T00:45:00.000+01:00;1.01
2025-07-23T01:00:00.000+01:00;1.01
2025-07-23T01:15:00.000+01:00;1.01
2025-07-23T01:30:00.000+01:00;1.01
2025-07-23T01:45:00.000+01:00;1.02
2025-07-23T02:00:00.000+01:00;1.01
2025-07-23T02:15:00.000+01:00;1.02
2025-07-23T02:30:00.000+01:00;1.01
2025-07-23T02:45:00.000+01:00;1.02
2025-07-23T03:00:00.000+01:00;1.02
2025-07-23T03:15:00.000+01:00;1.02
2025-07-23T03:30:00.000+01:00;1.02
2025-07-23T03:45:00.000+01:00;1.02
2025-07-23T04:00:00.000+01:00;1.02
2025-07-23T04:15:00.000+01:00;1.03
2025-07-23T04:30:00.000+01:00;1.03
2025-07-23T04:45:00.000+01:00;1.03
2025-07-23T05:00:00.000+01:00;1.03
2025-07-23T05:15:00.000+01:00;1.03
2025-07-23T05:30:00.000+01:00;1.03
2025-07-23T05:45:00.000+01:00;1.03
2025-07-23T06:00:00.000+01:00;1.03
2025-07-23T06:15:00.000+01:00;1.03
2025-07-23T06:30:00.000+01:00;1.03
2025-07-23T06:45:00.000+01:00;1.03
2025-07-23T07:00:00.000+01:00;1.02
2025-07-23T07:15:00.000+01:00;1.02
2025-07-23T07:30:00.000+01:00;1.02
2025-07-23T07:45:00.000+01:00;1.02
2025-07-23T08:00:00.000+01:00;1.02
2025-07-23T08:15:00.000+01:00;1.02
2025-07-23T08:30:00.000+01:00;1.02
2025-07-23T08:45:00.000+01:00;1.02
2025-07-23T09:00:00.000+01:00;1.02
2025-07-23T09:15:00.000+01:00;1.03
2025-07-23T09:30:00.000+01:00;1.04
2025-07-23T09:45:00.000+01:00;1.05
2025-07-23T10:00:00.000+01:00;1.05
2025-07-23T10:15:00.000+01:00;1.07
2025-07-23T10:30:00.000+01:00;1.07
2025-07-23T10:45:00.000+01:00;1.08
2025-07-23T11:00:00.000+01:00;1.09
2025-07-23T11:15:00.000+01:00;0.82
2025-07-23T11:30:00.000+01:00;0.84
2025-07-23T11:45:00.000+01:00;0.84
2025-07-23T12:00:00.000+01:00;0.85
2025-07-23T12:15:00.000+01:00;0.86
2025-07-23T12:30:00.000+01:00;0.87
2025-07-23T12:45:00.000+01:00;0.88
2025-07-23T13:00:00.000+01:00;0.88
2025-07-23T13:15:00.000+01:00;0.89
2025-07-23T13:30:00.000+01:00;0.89
2025-07-23T13:45:00.000+01:00;0.89
2025-07-23T14:00:00.000+01:00;0.9
2025-07-23T14:15:00.000+01:00;0.9
2025-07-23T14:30:00.000+01:00;0.91
2025-07-23T14:45:00.000+01:00;0.9
2025-07-23T15:00:00.000+01:00;0.91
2025-07-23T15:15:00.000+01:00;0.9
2025-07-23T15:30:00.000+01:00;0.89
2025-07-23T15:45:00.000+01:00;0.88
2025-07-23T16:00:00.000+01:00;0.87
2025-07-23T16:15:00.000+01:00;0.87
2025-07-23T16:30:00.000+01:00;0.87
2025-07-23T16:45:00.000+01:00;0.87
2025-07-23T17:00:00.000+01:00;0.87
2025-07-23T17:15:00.000+01:00;0.87
2025-07-23T17:30:00.000+01:00;0.87
2025-07-23T17:45:00.000+01:00;0.87
2025-07-23T18:00:00.000+01:00;0.87
2025-07-23T18:15:00.000+01:00;0.87
2025-07-23T18:30:00.000+01:00;0.87
2025-07-23T18:45:00.000+01:00;0.86
2025-07-23T19:00:00.000+01:00;0.87
2025-07-23T19:15:00.000+01:00;0.86
2025-07-23T19:30:00.000+01:00;0.88
2025-07-23T19:45:00.000+01:00;0.88
2025-07-23T20:00:00.000+01:00;0.9
2025-07-23T20:15:00.000+01:00;0.89
2025-07-23T20:30:00.000+01:00;0.9
2025-07-23T20:45:00.000+01:00;0.9
2025-07-23T21:00:00.000+01:00;0.9
2025-07-23T21:15:00.000+01:00;0.91
2025-07-23T21:30:00.000+01:00;0.92
2025-07-23T21:45:00.000+01:00;0.94
2025-07-23T22:00:00.000+01:00;1
2025-07-23T22:15:00.000+01:00;1.06
2025-07-23T22:30:00.000+01:00;1.09
2025-07-23T22:45:00.000+01:00;1.12
2025-07-23T23:00:00.000+01:00;1.15
2025-07-23T23:15:00.000+01:00;1.15
2025-07-23T23:30:00.000+01:00;1.13
2025-07-23T23:45:00.000+01:00;1.11
2025-07-24T00:00:00.000+01:00;1.08
2025-07-24T00:15:00.000+01:00;1.05
2025-07-24T00:30:00.000+01:00;1.03
2025-07-24T00:45:00.000+01:00;1.02
2025-07-24T01:00:00.000+01:00;1.01
2025-07-24T01:15:00.000+01:00;1
2025-07-24T01:30:00.000+01:00;0.99
2025-07-24T01:45:00.000+01:00;0.98
2025-07-24T02:00:00.000+01:00;0.97
2025-07-24T02:15:00.000+01:00;0.97
2025-07-24T02:30:00.000+01:00;0.97
2025-07-24T02:45:00.000+01:00;0.99
2025-07-24T03:00:00.000+01:00;0.99
2025-07-24T03:15:00.000+01:00;1
2025-07-24T03:30:00.000+01:00;1.01
2025-07-24T03:45:00.000+01:00;1.01
2025-07-24T04:00:00.000+01:00;1.01
2025-07-24T04:15:00.000+01:00;1.02
2025-07-24T04:30:00.000+01:00;1.02
2025-07-24T04:45:00.000+01:00;1.02
2025-07-24T05:00:00.000+01:00;1.03
2025-07-24T05:15:00.000+01:00;1.03
2025-07-24T05:30:00.000+01:00;1.03
2025-07-24T05:45:00.000+01:00;1.03
2025-07-24T06:00:00.000+01:00;1.03
2025-07-24T06:15:00.000+01:00;1.03
2025-07-24T06:30:00.000+01:00;1.03
2025-07-24T06:45:00.000+01:00;1.02
2025-07-24T07:00:00.000+01:00;1.03
2025-07-24T07:15:00.000+01:00;1.02
2025-07-24T07:30:00.000+01:00;1.02
2025-07-24T07:45:00.000+01:00;1.02
2025-07-24T08:00:00.000+01:00;1.02
2025-07-24T08:15:00.000+01:00;1.02
2025-07-24T08:30:00.000+01:00;1.02
2025-07-24T08:45:00.000+01:00;1.02
2025-07-24T09:00:00.000+01:00;1.02
2025-07-24T09:15:00.000+01:00;1.02
2025-07-24T09:30:00.000+01:00;1.02
2025-07-24T09:45:00.000+01:00;1.02
2025-07-24T10:00:00.000+01:00;1.02
2025-07-24T10:15:00.000+01:00;1.03
2025-07-24T10:30:00.000+01:00;1.04
2025-07-24T10:45:00.000+01:00;1.05
2025-07-24T11:00:00.000+01:00;1.05
2025-07-24T11:15:00.000+01:00;1.06
2025-07-24T11:30:00.000+01:00;1.07
2025-07-24T11:45:00.000+01:00;1.06
2025-07-24T12:00:00.000+01:00;1.07
2025-07-24T12:15:00.000+01:00;1.07
2025-07-24T12:30:00.000+01:00;1.07
2025-07-24T12:45:00.000+01:00;1.07
2025-07-24T13:00:00.000+01:00;1.08
2025-07-24T13:15:00.000+01:00;1.09
2025-07-24T13:30:00.000+01:00;1.09
2025-07-24T13:45:00.000+01:00;1.1
2025-07-24T14:00:00.000+01:00;1.1
2025-07-24T14:15:00.000+01:00;1.11
2025-07-24T14:30:00.000+01:00;1.11
2025-07-24T14:45:00.000+01:00;1.11
2025-07-24T15:00:00.000+01:00;1.12
2025-07-24T15:15:00.000+01:00;1.12
2025-07-24T15:30:00.000+01:00;1.13
2025-07-24T15:45:00.000+01:00;1.13
2025-07-24T16:00:00.000+01:00;1.13
2025-07-24T16:15:00.000+01:00;1.13
2025-07-24T16:30:00.000+01:00;1.14
2025-07-24T16:45:00.000+01:00;1.14
2025-07-24T17:00:00.000+01:00;1.14
2025-07-24T17:15:00.000+01:00;1.14
2025-07-24T17:30:00.000+01:00;1.14
2025-07-24T17:45:00.000+01:00;1.14
2025-07-24T18:00:00.000+01:00;1.14
2025-07-24T18:15:00.000+01:00;1.14
2025-07-24T18:30:00.000+01:00;1.14
2025-07-24T18:45:00.000+01:00;1.14
2025-07-24T19:00:00.000+01:00;1.14
2025-07-24T19:15:00.000+01:00;1.14
2025-07-24T19:30:00.000+01:00;1.14
2025-07-24T19:45:00.000+01:00;1.14
2025-07-24T20:00:00.000+01:00;1.14
2025-07-24T20:15:00.000+01:00;1.15
2025-07-24T20:30:00.000+01:00;1.15
2025-07-24T20:45:00.000+01:00;1.15
2025-07-24T21:00:00.000+01:00;1.15
2025-07-24T21:15:00.000+01:00;1.15
2025-07-24T21:30:00.000+01:00;1.15
2025-07-24T21:45:00.000+01:00;1.15
2025-07-24T22:00:00.000+01:00;1.15
2025-07-24T22:15:00.000+01:00;1.15
2025-07-24T22:30:00.000+01:00;1.15
2025-07-24T22:45:00.000+01:00;1.15
2025-07-24T23:00:00.000+01:00;1.15
2025-07-24T23:15:00.000+01:00;1.15
2025-07-24T23:30:00.000+01:00;1.15
2025-07-24T23:45:00.000+01:00;1.15
2025-07-25T00:00:00.000+01:00;1.15
2025-07-25T00:15:00.000+01:00;1.15
2025-07-25T00:30:00.000+01:00;1.15
2025-07-25T00:45:00.000+01:00;1.15
2025-07-25T01:00:00.000+01:00;1.16
2025-07-25T01:15:00.000+01:00;1.16
2025-07-25T01:30:00.000+01:00;1.16
2025-07-25T01:45:00.000+01:00;1.16
2025-07-25T02:00:00.000+01:00;1.16
2025-07-25T02:15:00.000+01:00;1.16
2025-07-25T02:30:00.000+01:00;1.16
2025-07-25T02:45:00.000+01:00;1.16
2025-07-25T03:00:00.000+01:00;1.16
2025-07-25T03:15:00.000+01:00;1.16
2025-07-25T03:30:00.000+01:00;1.16
2025-07-25T03:45:00.000+01:00;1.16
2025-07-25T04:00:00.000+01:00;1.16
2025-07-25T04:15:00.000+01:00;1.16
2025-07-25T04:30:00.000+01:00;1.16
2025-07-25T04:45:00.000+01:00;1.16
2025-07-25T05:00:00.000+01:00;1.16
2025-07-25T05:15:00.000+01:00;1.16
2025-07-25T05:30:00.000+01:00;1.16
2025-07-25T05:45:00.000+01:00;1.17
2025-07-25T06:00:00.000+01:00;1.16
2025-07-25T06:15:00.000+01:00;1.17
2025-07-25T06:30:00.000+01:00;1.16
2025-07-25T06:45:00.000+01:00;1.16
2025-07-25T07:00:00.000+01:00;1.15
2025-07-25T07:15:00.000+01:00;1.15
2025-07-25T07:30:00.000+01:00;1.15
2025-07-25T07:45:00.000+01:00;1.15
2025-07-25T08:00:00.000+01:00;1.15
2025-07-25T08:15:00.000+01:00;1.15
2025-07-25T08:30:00.000+01:00;1.16
2025-07-25T08:45:00.000+01:00;1.16
2025-07-25T09:00:00.000+01:00;1.17
2025-07-25T09:15:00.000+01:00;1.16
2025-07-25T09:30:00.000+01:00;1.17
2025-07-25T09:45:00.000+01:00;1.17
2025-07-25T10:00:00.000+01:00;1.17
2025-07-25T10:15:00.000+01:00;1.16
2025-07-25T10:30:00.000+01:00;1.18
2025-07-25T10:45:00.000+01:00;1.18
2025-07-25T11:00:00.000+01:00;1.19
2025-07-25T11:15:00.000+01:00;1.18
2025-07-25T11:30:00.000+01:00;1.18
2025-07-25T11:45:00.000+01:00;1.19
2025-07-25T12:00:00.000+01:00;1.19
2025-07-25T12:15:00.000+01:00;1.19
2025-07-25T12:30:00.000+01:00;1.2
2025-07-25T12:45:00.000+01:00;1.2
2025-07-25T13:00:00.000+01:00;1.2
2025-07-25T13:15:00.000+01:00;1.2
2025-07-25T13:30:00.000+01:00;1.21
2025-07-25T13:45:00.000+01:00;1.22
2025-07-25T14:00:00.000+01:00;1.22
2025-07-25T14:15:00.000+01:00;1.22
2025-07-25T14:30:00.000+01:00;1.22
2025-07-25T14:45:00.000+01:00;1.23
2025-07-25T15:00:00.000+01:00;1.23
2025-07-25T15:15:00.000+01:00;1.22
2025-07-25T15:30:00.000+01:00;1.23
2025-07-25T15:45:00.000+01:00;1.23
2025-07-25T16:00:00.000+01:00;1.23
2025-07-25T16:15:00.000+01:00;1.23
2025-07-25T16:30:00.000+01:00;1.24
2025-07-25T16:45:00.000+01:00;1.23
2025-07-25T17:00:00.000+01:00;1.24
2025-07-25T17:15:00.000+01:00;1.24
2025-07-25T17:30:00.000+01:00;1.24
2025-07-25T17:45:00.000+01:00;1.24
2025-07-25T18:00:00.000+01:00;1.24
2025-07-25T18:15:00.000+01:00;1.24
2025-07-25T18:30:00.000+01:00;1.25
2025-07-25T18:45:00.000+01:00;1.24
2025-07-25T19:00:00.000+01:00;1.25
2025-07-25T19:15:00.000+01:00;1.25
2025-07-25T19:30:00.000+01:00;1.25
2025-07-25T19:45:00.000+01:00;1.25
2025-07-25T20:00:00.000+01:00;1.25
2025-07-25T20:15:00.000+01:00;1.25
2025-07-25T20:30:00.000+01:00;1.25
2025-07-25T20:45:00.000+01:00;1.24
2025-07-25T21:00:00.000+01:00;1.25
2025-07-25T21:15:00.000+01:00;1.25
2025-07-25T21:30:00.000+01:00;1.25
2025-07-25T21:45:00.000+01:00;1.24
2025-07-25T22:00:00.000+01:00;1.24
2025-07-25T22:15:00.000+01:00;1.25
2025-07-25T22:30:00.000+01:00;1.25
2025-07-25T22:45:00.000+01:00;1.25
2025-07-25T23:00:00.000+01:00;1.25
2025-07-25T23:15:00.000+01:00;1.25
2025-07-25T23:30:00.000+01:00;1.25
2025-07-25T23:45:00.000+01:00;1.25
2025-07-26T00:00:00.000+01:00;1.26
2025-07-26T00:15:00.000+01:00;1.26
2025-07-26T00:30:00.000+01:00;1.25
2025-07-26T00:45:00.000+01:00;1.26
2025-07-26T01:00:00.000+01:00;1.26
2025-07-26T01:15:00.000+01:00;1.26
2025-07-26T01:30:00.000+01:00;1.26
2025-07-26T01:45:00.000+01:00;1.26
2025-07-26T02:00:00.000+01:00;1.26
2025-07-26T02:15:00.000+01:00;1.26
2025-07-26T02:30:00.000+01:00;1.26
2025-07-26T02:45:00.000+01:00;1.26
2025-07-26T03:00:00.000+01:00;1.26
2025-07-26T03:15:00.000+01:00;1.26
2025-07-26T03:30:00.000+01:00;1.26
2025-07-26T03:45:00.000+01:00;1.26
2025-07-26T04:00:00.000+01:00;1.26
2025-07-26T04:15:00.000+01:00;1.26
2025-07-26T04:30:00.000+01:00;1.27
2025-07-26T04:45:00.000+01:00;1.26
2025-07-26T05:00:00.000+01:00;1.26
2025-07-26T05:15:00.000+01:00;1.27
2025-07-26T05:30:00.000+01:00;1.26
2025-07-26T05:45:00.000+01:00;1.26
2025-07-26T06:00:00.000+01:00;1.26
2025-07-26T06:15:00.000+01:00;1.26
2025-07-26T06:30:00.000+01:00;1.26
2025-07-26T06:45:00.000+01:00;1.25
2025-07-26T07:00:00.000+01:00;1.25
2025-07-26T07:15:00.000+01:00;1.25
2025-07-26T07:30:00.000+01:00;1.24
2025-07-26T07:45:00.000+01:00;1.24
2025-07-26T08:00:00.000+01:00;1.24
2025-07-26T08:15:00.000+01:00;1.23
2025-07-26T08:30:00.000+01:00;1.23
2025-07-26T08:45:00.000+01:00;1.23
2025-07-26T09:00:00.000+01:00;1.23
2025-07-26T09:15:00.000+01:00;1.23
2025-07-26T09:30:00.000+01:00;1.22
2025-07-26T09:45:00.000+01:00;1.22
2025-07-26T10:00:00.000+01:00;1.22
2025-07-26T10:15:00.000+01:00;1.22
2025-07-26T10:30:00.000+01:00;1.22
2025-07-26T10:45:00.000+01:00;1.22
2025-07-26T11:00:00.000+01:00;1.38
2025-07-26T11:15:00.000+01:00;1.37
2025-07-26T11:30:00.000+01:00;1.36
2025-07-26T11:45:00.000+01:00;1.35
2025-07-26T12:00:00.000+01:00;1.34
2025-07-26T12:15:00.000+01:00;1.33
2025-07-26T12:30:00.000+01:00;1.32
2025-07-26T12:45:00.000+01:00;1.32
2025-07-26T13:00:00.000+01:00;1.31
2025-07-26T13:15:00.000+01:00;1.31
2025-07-26T13:30:00.000+01:00;1.3
2025-07-26T13:45:00.000+01:00;1.29
2025-07-26T14:00:00.000+01:00;1.3
2025-07-26T14:15:00.000+01:00;1.3
2025-07-26T14:30:00.000+01:00;1.3
2025-07-26T14:45:00.000+01:00;1.3
2025-07-26T15:00:00.000+01:00;1.3
2025-07-26T15:15:00.000+01:00;1.3
2025-07-26T15:30:00.000+01:00;1.3
2025-07-26T15:45:00.000+01:00;1.28
2025-07-26T16:00:00.000+01:00;1.26
2025-07-26T16:15:00.000+01:00;1.24
2025-07-26T16:30:00.000+01:00;1.24
2025-07-26T16:45:00.000+01:00;1.23
2025-07-26T17:00:00.000+01:00;1.22
2025-07-26T17:15:00.000+01:00;1.22
2025-07-26T17:30:00.000+01:00;1.21
2025-07-26T17:45:00.000+01:00;1.2
2025-07-26T18:00:00.000+01:00;1.21
2025-07-26T18:15:00.000+01:00;1.22
2025-07-26T18:30:00.000+01:00;1.23
2025-07-26T18:45:00.000+01:00;1.23
2025-07-26T19:00:00.000+01:00;1.24
2025-07-26T19:15:00.000+01:00;1.24
2025-07-26T19:30:00.000+01:00;1.23
2025-07-26T19:45:00.000+01:00;1.24
2025-07-26T20:00:00.000+01:00;1.24
2025-07-26T20:15:00.000+01:00;1.25
2025-07-26T20:30:00.000+01:00;1.25
2025-07-26T20:45:00.000+01:00;1.25
2025-07-26T21:00:00.000+01:00;1.26
2025-07-26T21:15:00.000+01:00;1.29
2025-07-26T21:30:00.000+01:00;1.3
2025-07-26T21:45:00.000+01:00;1.31
2025-07-26T22:00:00.000+01:00;1.32
2025-07-26T22:15:00.000+01:00;1.33
2025-07-26T22:30:00.000+01:00;1.34
2025-07-26T22:45:00.000+01:00;1.33
2025-07-26T23:00:00.000+01:00;1.33
2025-07-26T23:15:00.000+01:00;1.32
2025-07-26T23:30:00.000+01:00;1.31
2025-07-26T23:45:00.000+01:00;1.3
2025-07-27T00:00:00.000+01:00;1.29
2025-07-27T00:15:00.000+01:00;1.29
2025-07-27T00:30:00.000+01:00;1.28
2025-07-27T00:45:00.000+01:00;1.28
2025-07-27T01:00:00.000+01:00;1.28
2025-07-27T01:15:00.000+01:00;1.28
2025-07-27T01:30:00.000+01:00;1.27
2025-07-27T01:45:00.000+01:00;1.27
2025-07-27T02:00:00.000+01:00;1.27
2025-07-27T02:15:00.000+01:00;1.27
2025-07-27T02:30:00.000+01:00;1.27
2025-07-27T02:45:00.000+01:00;1.27
2025-07-27T03:00:00.000+01:00;1.27
2025-07-27T03:15:00.000+01:00;1.27
2025-07-27T03:30:00.000+01:00;1.27
2025-07-27T03:45:00.000+01:00;1.27
2025-07-27T04:00:00.000+01:00;1.26
2025-07-27T04:15:00.000+01:00;1.27
2025-07-27T04:30:00.000+01:00;1.27
2025-07-27T04:45:00.000+01:00;1.27
2025-07-27T05:00:00.000+01:00;1.27
2025-07-27T05:15:00.000+01:00;1.27
2025-07-27T05:30:00.000+01:00;1.27
2025-07-27T05:45:00.000+01:00;1.27
2025-07-27T06:00:00.000+01:00;1.27
2025-07-27T06:15:00.000+01:00;1.27
2025-07-27T06:30:00.000+01:00;1.26
2025-07-27T06:45:00.000+01:00;1.26
2025-07-27T07:00:00.000+01:00;1.26
2025-07-27T07:15:00.000+01:00;1.26
2025-07-27T07:30:00.000+01:00;1.26
2025-07-27T07:45:00.000+01:00;1.26
2025-07-27T08:00:00.000+01:00;1.26
2025-07-27T08:15:00.000+01:00;1.26
2025-07-27T08:30:00.000+01:00;1.26
2025-07-27T08:45:00.000+01:00;1.26
2025-07-27T09:00:00.000+01:00;1.24
2025-07-27T09:15:00.000+01:00;1.24
2025-07-27T09:30:00.000+01:00;1.25
2025-07-27T09:45:00.000+01:00;1.25
2025-07-27T10:00:00.000+01:00;1.26
2025-07-27T10:15:00.000+01:00;1.27
2025-07-27T10:30:00.000+01:00;1.28
2025-07-27T10:45:00.000+01:00;1.28
2025-07-27T11:00:00.000+01:00;1.29
2025-07-27T11:15:00.000+01:00;1.29
2025-07-27T11:30:00.000+01:00;1.29
2025-07-27T11:45:00.000+01:00;1.3
2025-07-27T12:00:00.000+01:00;1.29
2025-07-27T12:15:00.000+01:00;1.3
2025-07-27T12:30:00.000+01:00;1.3
2025-07-27T12:45:00.000+01:00;1.3
2025-07-27T13:00:00.000+01:00;1.29
2025-07-27T13:15:00.000+01:00;1.3
2025-07-27T13:30:00.000+01:00;1.3
2025-07-27T13:45:00.000+01:00;1.29
2025-07-27T14:00:00.000+01:00;1.28
2025-07-27T14:15:00.000+01:00;1.3
2025-07-27T14:30:00.000+01:00;1.29
2025-07-27T14:45:00.000+01:00;1.31
2025-07-27T15:00:00.000+01:00;1.29
2025-07-27T15:15:00.000+01:00;1.3
2025-07-27T15:30:00.000+01:00;1.29
2025-07-27T15:45:00.000+01:00;1.29
2025-07-27T16:00:00.000+01:00;1.29
2025-07-27T16:15:00.000+01:00;1.28
2025-07-27T16:30:00.000+01:00;1.27
2025-07-27T16:45:00.000+01:00;1.26
2025-07-27T17:00:00.000+01:00;1.26
2025-07-27T17:15:00.000+01:00;1.26
2025-07-27T17:30:00.000+01:00;1.26
2025-07-27T17:45:00.000+01:00;1.24
2025-07-27T18:00:00.000+01:00;1.25
2025-07-27T18:15:00.000+01:00;1.25
2025-07-27T18:30:00.000+01:00;1.24
2025-07-27T18:45:00.000+01:00;1.25
2025-07-27T19:00:00.000+01:00;1.25
2025-07-27T19:15:00.000+01:00;1.25
2025-07-27T19:30:00.000+01:00;1.25
2025-07-27T19:45:00.000+01:00;1.25
2025-07-27T20:00:00.000+01:00;1.25
2025-07-27T20:15:00.000+01:00;1.25
2025-07-27T20:30:00.000+01:00;1.25
2025-07-27T20:45:00.000+01:00;1.25
2025-07-27T21:00:00.000+01:00;1.25
2025-07-27T21:15:00.000+01:00;1.25
2025-07-27T21:30:00.000+01:00;1.25
2025-07-27T21:45:00.000+01:00;1.26
2025-07-27T22:00:00.000+01:00;1.26
2025-07-27T22:15:00.000+01:00;1.26
2025-07-27T22:30:00.000+01:00;1.26
2025-07-27T22:45:00.000+01:00;1.28
2025-07-27T23:00:00.000+01:00;1.3
2025-07-27T23:15:00.000+01:00;1.3
2025-07-27T23:30:00.000+01:00;1.31
2025-07-27T23:45:00.000+01:00;1.32
2025-07-28T00:00:00.000+01:00;1.32
2025-07-28T00:15:00.000+01:00;1.32
2025-07-28T00:30:00.000+01:00;1.33
2025-07-28T00:45:00.000+01:00;1.33
2025-07-28T01:00:00.000+01:00;1.34
2025-07-28T01:15:00.000+01:00;1.34
2025-07-28T01:30:00.000+01:00;1.34
2025-07-28T01:45:00.000+01:00;1.34
2025-07-28T02:00:00.000+01:00;1.35
2025-07-28T02:15:00.000+01:00;1.35
2025-07-28T02:30:00.000+01:00;1.35
2025-07-28T02:45:00.000+01:00;1.37
2025-07-28T03:00:00.000+01:00;1.37
2025-07-28T03:15:00.000+01:00;1.38
2025-07-28T03:30:00.000+01:00;1.38
2025-07-28T03:45:00.000+01:00;1.39
2025-07-28T04:00:00.000+01:00;1.39
2025-07-28T04:15:00.000+01:00;1.4
2025-07-28T04:30:00.000+01:00;1.4
2025-07-28T04:45:00.000+01:00;1.41
2025-07-28T05:00:00.000+01:00;1.41
2025-07-28T05:15:00.000+01:00;1.41
2025-07-28T05:30:00.000+01:00;1.41
2025-07-28T05:45:00.000+01:00;1.41
2025-07-28T06:00:00.000+01:00;1.41
2025-07-28T06:15:00.000+01:00;1.41
2025-07-28T06:30:00.000+01:00;1.41
2025-07-28T06:45:00.000+01:00;1.4
2025-07-28T07:00:00.000+01:00;1.4
2025-07-28T07:15:00.000+01:00;1.4
2025-07-28T07:30:00.000+01:00;1.4
2025-07-28T07:45:00.000+01:00;1.4
2025-07-28T08:00:00.000+01:00;1.4
2025-07-28T08:15:00.000+01:00;1.4
2025-07-28T08:30:00.000+01:00;1.4
2025-07-28T08:45:00.000+01:00;1.4
2025-07-28T09:00:00.000+01:00;1.41
2025-07-28T09:15:00.000+01:00;1.4
2025-07-28T09:30:00.000+01:00;1.4
2025-07-28T09:45:00.000+01:00;1.4
2025-07-28T10:00:00.000+01:00;1.4
2025-07-28T10:15:00.000+01:00;1.4
2025-07-28T10:30:00.000+01:00;1.4
2025-07-28T10:45:00.000+01:00;1.4
2025-07-28T11:00:00.000+01:00;1.4
2025-07-28T11:15:00.000+01:00;1.4
2025-07-28T11:30:00.000+01:00;1.4
2025-07-28T11:45:00.000+01:00;1.4
2025-07-28T12:00:00.000+01:00;1.4
2025-07-28T12:15:00.000+01:00;1.4
2025-07-28T12:30:00.000+01:00;1.4
2025-07-28T12:45:00.000+01:00;1.4
2025-07-28T13:00:00.000+01:00;1.4
2025-07-28T13:15:00.000+01:00;1.4
2025-07-28T13:30:00.000+01:00;1.41
2025-07-28T13:45:00.000+01:00;1.42
2025-07-28T14:00:00.000+01:00;1.42
2025-07-28T14:15:00.000+01:00;1.42
2025-07-28T14:30:00.000+01:00;1.42
2025-07-28T14:45:00.000+01:00;1.41
2025-07-28T15:00:00.000+01:00;1.41
2025-07-28T15:15:00.000+01:00;1.41
2025-07-28T15:30:00.000+01:00;1.42
2025-07-28T15:45:00.000+01:00;1.42
2025-07-28T16:00:00.000+01:00;1.41
2025-07-28T16:15:00.000+01:00;1.41
2025-07-28T16:30:00.000+01:00;1.42
2025-07-28T16:45:00.000+01:00;1.42
2025-07-28T17:00:00.000+01:00;1.42
2025-07-28T17:15:00.000+01:00;1.42
2025-07-28T17:30:00.000+01:00;1.42
2025-07-28T17:45:00.000+01:00;1.42
2025-07-28T18:00:00.000+01:00;1.42
2025-07-28T18:15:00.000+01:00;1.42
2025-07-28T18:30:00.000+01:00;1.41
2025-07-28T18:45:00.000+01:00;1.41
2025-07-28T19:00:00.000+01:00;1.41
2025-07-28T19:15:00.000+01:00;1.41
2025-07-28T19:30:00.000+01:00;1.41
2025-07-28T19:45:00.000+01:00;1.41
2025-07-28T20:00:00.000+01:00;1.41
2025-07-28T20:15:00.000+01:00;1.41
2025-07-28T20:30:00.000+01:00;1.41
2025-07-28T20:45:00.000+01:00;1.41
2025-07-28T21:00:00.000+01:00;1.41
2025-07-28T21:15:00.000+01:00;1.41
2025-07-28T21:30:00.000+01:00;1.41
2025-07-28T21:45:00.000+01:00;1.41
2025-07-28T22:00:00.000+01:00;1.41
2025-07-28T22:15:00.000+01:00;1.41
2025-07-28T22:30:00.000+01:00;1.41
2025-07-28T22:45:00.000+01:00;1.41
2025-07-28T23:00:00.000+01:00;1.41
2025-07-28T23:15:00.000+01:00;1.41
2025-07-28T23:30:00.000+01:00;1.41
2025-07-28T23:45:00.000+01:00;1.41
2025-07-29T00:00:00.000+01:00;1.41
2025-07-29T00:15:00.000+01:00;1.41
2025-07-29T00:30:00.000+01:00;1.42
2025-07-29T00:45:00.000+01:00;1.42
2025-07-29T01:00:00.000+01:00;1.42
2025-07-29T01:15:00.000+01:00;1.42
2025-07-29T01:30:00.000+01:00;1.42
2025-07-29T01:45:00.000+01:00;1.42
2025-07-29T02:00:00.000+01:00;1.42
2025-07-29T02:15:00.000+01:00;1.42
2025-07-29T02:30:00.000+01:00;1.42
2025-07-29T02:45:00.000+01:00;1.42
2025-07-29T03:00:00.000+01:00;1.42
2025-07-29T03:15:00.000+01:00;1.42
2025-07-29T03:30:00.000+01:00;1.42
2025-07-29T03:45:00.000+01:00;1.42
2025-07-29T04:00:00.000+01:00;1.42
2025-07-29T04:15:00.000+01:00;1.42
2025-07-29T04:30:00.000+01:00;1.42
2025-07-29T04:45:00.000+01:00;1.42
2025-07-29T05:00:00.000+01:00;1.42
2025-07-29T05:15:00.000+01:00;1.42
2025-07-29T05:30:00.000+01:00;1.42
2025-07-29T05:45:00.000+01:00;1.42
2025-07-29T06:00:00.000+01:00;1.42
2025-07-29T06:15:00.000+01:00;1.42
2025-07-29T06:30:00.000+01:00;1.41
2025-07-29T06:45:00.000+01:00;1.41
2025-07-29T07:00:00.000+01:00;1.41
2025-07-29T07:15:00.000+01:00;1.41
2025-07-29T07:30:00.000+01:00;1.4
2025-07-29T07:45:00.000+01:00;1.4
2025-07-29T08:00:00.000+01:00;1.4
2025-07-29T08:15:00.000+01:00;1.4
2025-07-29T08:30:00.000+01:00;1.41
2025-07-29T08:45:00.000+01:00;1.43
2025-07-29T09:00:00.000+01:00;1.43
2025-07-29T09:15:00.000+01:00;1.43
2025-07-29T09:30:00.000+01:00;1.44
2025-07-29T09:45:00.000+01:00;1.44
2025-07-29T10:00:00.000+01:00;1.44
2025-07-29T10:15:00.000+01:00;1.44
2025-07-29T10:30:00.000+01:00;1.44
2025-07-29T10:45:00.000+01:00;1.45
2025-07-29T11:00:00.000+01:00;1.45
2025-07-29T11:15:00.000+01:00;1.45
2025-07-29T11:30:00.000+01:00;1.45
2025-07-29T11:45:00.000+01:00;1.45
2025-07-29T12:00:00.000+01:00;1.43
2025-07-29T12:15:00.000+01:00;1.42
2025-07-29T12:30:00.000+01:00;1.4
2025-07-29T12:45:00.000+01:00;1.39
2025-07-29T13:00:00.000+01:00;1.39
2025-07-29T13:15:00.000+01:00;1.39
2025-07-29T13:30:00.000+01:00;1.38
2025-07-29T13:45:00.000+01:00;1.38
2025-07-29T14:00:00.000+01:00;1.38
2025-07-29T14:15:00.000+01:00;1.38
2025-07-29T14:30:00.000+01:00;1.38
2025-07-29T14:45:00.000+01:00;1.37
2025-07-29T15:00:00.000+01:00;1.38
2025-07-29T15:15:00.000+01:00;1.38
2025-07-29T15:30:00.000+01:00;1.37
2025-07-29T15:45:00.000+01:00;1.39
2025-07-29T16:00:00.000+01:00;1.4
2025-07-29T16:15:00.000+01:00;1.41
2025-07-29T16:30:00.000+01:00;1.43
2025-07-29T16:45:00.000+01:00;1.44
2025-07-29T17:00:00.000+01:00;1.45
2025-07-29T17:15:00.000+01:00;1.46
2025-07-29T17:30:00.000+01:00;1.46
2025-07-29T17:45:00.000+01:00;1.47
2025-07-29T18:00:00.000+01:00;1.48
2025-07-29T18:15:00.000+01:00;1.47
2025-07-29T18:30:00.000+01:00;1.48
2025-07-29T18:45:00.000+01:00;1.48
2025-07-29T19:00:00.000+01:00;1.49
2025-07-29T19:15:00.000+01:00;1.49
2025-07-29T19:30:00.000+01:00;1.49
2025-07-29T19:45:00.000+01:00;1.49
2025-07-29T20:00:00.000+01:00;1.49
2025-07-29T20:15:00.000+01:00;1.49
2025-07-29T20:30:00.000+01:00;1.49
2025-07-29T20:45:00.000+01:00;1.48
2025-07-29T21:00:00.000+01:00;1.48
2025-07-29T21:15:00.000+01:00;1.49
2025-07-29T21:30:00.000+01:00;1.48
2025-07-29T21:45:00.000+01:00;1.48
2025-07-29T22:00:00.000+01:00;1.47
2025-07-29T22:15:00.000+01:00;1.45
2025-07-29T22:30:00.000+01:00;1.45
2025-07-29T22:45:00.000+01:00;1.44
2025-07-29T23:00:00.000+01:00;1.43
2025-07-29T23:15:00.000+01:00;1.43
2025-07-29T23:30:00.000+01:00;1.42
2025-07-29T23:45:00.000+01:00;1.42
2025-07-30T00:00:00.000+01:00;1.41
2025-07-30T00:15:00.000+01:00;1.42
2025-07-30T00:30:00.000+01:00;1.41
2025-07-30T00:45:00.000+01:00;1.41
2025-07-30T01:00:00.000+01:00;1.41
2025-07-30T01:15:00.000+01:00;1.41
2025-07-30T01:30:00.000+01:00;1.41
2025-07-30T01:45:00.000+01:00;1.41
2025-07-30T02:00:00.000+01:00;1.41
2025-07-30T02:15:00.000+01:00;1.41
2025-07-30T02:30:00.000+01:00;1.41
2025-07-30T02:45:00.000+01:00;1.41
2025-07-30T03:00:00.000+01:00;1.41
2025-07-30T03:15:00.000+01:00;1.41
2025-07-30T03:30:00.000+01:00;1.41
2025-07-30T03:45:00.000+01:00;1.41
2025-07-30T04:00:00.000+01:00;1.41
2025-07-30T04:15:00.000+01:00;1.41
2025-07-30T04:30:00.000+01:00;1.41
2025-07-30T04:45:00.000+01:00;1.41
2025-07-30T05:00:00.000+01:00;1.41
2025-07-30T05:15:00.000+01:00;1.41
2025-07-30T05:30:00.000+01:00;1.41
2025-07-30T05:45:00.000+01:00;1.41
2025-07-30T06:00:00.000+01:00;1.41
2025-07-30T06:15:00.000+01:00;1.41
2025-07-30T06:30:00.000+01:00;1.41
2025-07-30T06:45:00.000+01:00;1.41
2025-07-30T07:00:00.000+01:00;1.41
2025-07-30T07:15:00.000+01:00;1.41
2025-07-30T07:30:00.000+01:00;1.4
2025-07-30T07:45:00.000+01:00;1.4
2025-07-30T08:00:00.000+01:00;1.4
2025-07-30T08:15:00.000+01:00;1.39
2025-07-30T08:30:00.000+01:00;1.39
2025-07-30T08:45:00.000+01:00;1.4
2025-07-30T09:00:00.000+01:00;1.39
2025-07-30T09:15:00.000+01:00;1.39
2025-07-30T09:30:00.000+01:00;1.39
2025-07-30T09:45:00.000+01:00;1.38
2025-07-30T10:00:00.000+01:00;1.38
2025-07-30T10:15:00.000+01:00;1.37
2025-07-30T10:30:00.000+01:00;1.36
2025-07-30T10:45:00.000+01:00;1.36
2025-07-30T11:00:00.000+01:00;1.36
2025-07-30T11:15:00.000+01:00;1.36
2025-07-30T11:30:00.000+01:00;1.35
2025-07-30T11:45:00.000+01:00;1.35
2025-07-30T12:00:00.000+01:00;1.34
2025-07-30T12:15:00.000+01:00;1.34
2025-07-30T12:30:00.000+01:00;1.34
2025-07-30T12:45:00.000+01:00;1.34
2025-07-30T13:00:00.000+01:00;1.34
2025-07-30T13:15:00.000+01:00;1.33
2025-07-30T13:30:00.000+01:00;1.34
2025-07-30T13:45:00.000+01:00;1.33
2025-07-30T14:00:00.000+01:00;1.33
2025-07-30T14:15:00.000+01:00;1.32
2025-07-30T14:30:00.000+01:00;1.33
2025-07-30T14:45:00.000+01:00;1.32
2025-07-30T15:00:00.000+01:00;1.33
2025-07-30T15:15:00.000+01:00;1.32
2025-07-30T15:30:00.000+01:00;1.32
2025-07-30T15:45:00.000+01:00;1.32
2025-07-30T16:00:00.000+01:00;1.33
2025-07-30T16:15:00.000+01:00;1.32
2025-07-30T16:30:00.000+01:00;1.31
2025-07-30T16:45:00.000+01:00;1.32
2025-07-30T17:00:00.000+01:00;1.32
2025-07-30T17:15:00.000+01:00;1.32
2025-07-30T17:30:00.000+01:00;1.32
2025-07-30T17:45:00.000+01:00;1.34
2025-07-30T18:00:00.000+01:00;1.33
2025-07-30T18:15:00.000+01:00;1.33
2025-07-30T18:30:00.000+01:00;1.33
2025-07-30T18:45:00.000+01:00;1.33
2025-07-30T19:00:00.000+01:00;1.34
2025-07-30T19:15:00.000+01:00;1.34
2025-07-30T19:30:00.000+01:00;1.35
2025-07-30T19:45:00.000+01:00;1.35
2025-07-30T20:00:00.000+01:00;1.34
2025-07-30T20:15:00.000+01:00;1.34
2025-07-30T20:30:00.000+01:00;1.34
2025-07-30T20:45:00.000+01:00;1.34
2025-07-30T21:00:00.000+01:00;1.34
2025-07-30T21:15:00.000+01:00;1.34
2025-07-30T21:30:00.000+01:00;1.34
2025-07-30T21:45:00.000+01:00;1.35
2025-07-30T22:00:00.000+01:00;1.35
2025-07-30T22:15:00.000+01:00;1.35
2025-07-30T22:30:00.000+01:00;1.35
2025-07-30T22:45:00.000+01:00;1.35
2025-07-30T23:00:00.000+01:00;1.35
2025-07-30T23:15:00.000+01:00;1.35
2025-07-30T23:30:00.000+01:00;1.34
2025-07-30T23:45:00.000+01:00;1.35
2025-07-31T00:00:00.000+01:00;1.34
2025-07-31T00:15:00.000+01:00;1.34
2025-07-31T00:30:00.000+01:00;1.34
2025-07-31T00:45:00.000+01:00;1.34
2025-07-31T01:00:00.000+01:00;1.34
2025-07-31T01:15:00.000+01:00;1.34
2025-07-31T01:30:00.000+01:00;1.33
2025-07-31T01:45:00.000+01:00;1.34
2025-07-31T02:00:00.000+01:00;1.33
2025-07-31T02:15:00.000+01:00;1.34
2025-07-31T02:30:00.000+01:00;1.34
2025-07-31T02:45:00.000+01:00;1.33
2025-07-31T03:00:00.000+01:00;1.33
2025-07-31T03:15:00.000+01:00;1.34
2025-07-31T03:30:00.000+01:00;1.33
2025-07-31T03:45:00.000+01:00;1.33
2025-07-31T04:00:00.000+01:00;1.33
2025-07-31T04:15:00.000+01:00;1.33
2025-07-31T04:30:00.000+01:00;1.33
2025-07-31T04:45:00.000+01:00;1.33
2025-07-31T05:00:00.000+01:00;1.32
2025-07-31T05:15:00.000+01:00;1.33
2025-07-31T05:30:00.000+01:00;1.33
2025-07-31T05:45:00.000+01:00;1.33
2025-07-31T06:00:00.000+01:00;1.32
2025-07-31T06:15:00.000+01:00;1.32
2025-07-31T06:30:00.000+01:00;1.32
2025-07-31T06:45:00.000+01:00;1.32
2025-07-31T07:00:00.000+01:00;1.32
2025-07-31T07:15:00.000+01:00;1.31
2025-07-31T07:30:00.000+01:00;1.31
2025-07-31T07:45:00.000+01:00;1.31
2025-07-31T08:00:00.000+01:00;1.31
2025-07-31T08:15:00.000+01:00;1.31
2025-07-31T08:30:00.000+01:00;1.31
2025-07-31T08:45:00.000+01:00;1.31
2025-07-31T09:00:00.000+01:00;1.31
2025-07-31T09:15:00.000+01:00;1.3
2025-07-31T09:30:00.000+01:00;1.3
2025-07-31T09:45:00.000+01:00;1.3
2025-07-31T10:00:00.000+01:00;1.3
2025-07-31T10:15:00.000+01:00;1.29
2025-07-31T10:30:00.000+01:00;1.29
2025-07-31T10:45:00.000+01:00;1.29
2025-07-31T11:00:00.000+01:00;1.29
2025-07-31T11:15:00.000+01:00;1.28
2025-07-31T11:30:00.000+01:00;1.26
2025-07-31T11:45:00.000+01:00;1.26
2025-07-31T12:00:00.000+01:00;1.25
2025-07-31T12:15:00.000+01:00;1.23
2025-07-31T12:30:00.000+01:00;1.22
2025-07-31T12:45:00.000+01:00;1.22
2025-07-31T13:00:00.000+01:00;1.2
2025-07-31T13:15:00.000+01:00;1.21
2025-07-31T13:30:00.000+01:00;1.21
2025-07-31T13:45:00.000+01:00;1.21
2025-07-31T14:00:00.000+01:00;1.2
2025-07-31T14:15:00.000+01:00;1.2
2025-07-31T14:30:00.000+01:00;1.2
2025-07-31T14:45:00.000+01:00;1.19
2025-07-31T15:00:00.000+01:00;1.19
2025-07-31T15:15:00.000+01:00;1.2
2025-07-31T15:30:00.000+01:00;1.2
2025-07-31T15:45:00.000+01:00;1.21
2025-07-31T16:00:00.000+01:00;1.22
2025-07-31T16:15:00.000+01:00;1.24
2025-07-31T16:30:00.000+01:00;1.24
2025-07-31T16:45:00.000+01:00;1.26
2025-07-31T17:00:00.000+01:00;1.26
2025-07-31T17:15:00.000+01:00;1.26
2025-07-31T17:30:00.000+01:00;1.26
2025-07-31T17:45:00.000+01:00;1.27
2025-07-31T18:00:00.000+01:00;1.28
2025-07-31T18:15:00.000+01:00;1.29
2025-07-31T18:30:00.000+01:00;1.29
2025-07-31T18:45:00.000+01:00;1.29
2025-07-31T19:00:00.000+01:00;1.29
2025-07-31T19:15:00.000+01:00;1.29
2025-07-31T19:30:00.000+01:00;1.29
2025-07-31T19:45:00.000+01:00;1.29
2025-07-31T20:00:00.000+01:00;1.3
2025-07-31T20:15:00.000+01:00;1.3
2025-07-31T20:30:00.000+01:00;1.3
2025-07-31T20:45:00.000+01:00;1.3
2025-07-31T21:00:00.000+01:00;1.3
2025-07-31T21:15:00.000+01:00;1.3
2025-07-31T21:30:00.000+01:00;1.3
2025-07-31T21:45:00.000+01:00;1.3
2025-07-31T22:00:00.000+01:00;1.3
2025-07-31T22:15:00.000+01:00;1.3
2025-07-31T22:30:00.000+01:00;1.3
2025-07-31T22:45:00.000+01:00;1.3
2025-07-31T23:00:00.000+01:00;1.3
2025-07-31T23:15:00.000+01:00;1.3
2025-07-31T23:30:00.000+01:00;1.31
2025-07-31T23:45:00.000+01:00;1.31
2025-08-01T00:00:00.000+01:00;1.31
2025-08-01T00:15:00.000+01:00;1.31
2025-08-01T00:30:00.000+01:00;1.31
2025-08-01T00:45:00.000+01:00;1.31
2025-08-01T01:00:00.000+01:00;1.3
2025-08-01T01:15:00.000+01:00;1.3
2025-08-01T01:30:00.000+01:00;1.3
2025-08-01T01:45:00.000+01:00;1.3
2025-08-01T02:00:00.000+01:00;1.3
2025-08-01T02:15:00.000+01:00;1.3
2025-08-01T02:30:00.000+01:00;1.3
2025-08-01T02:45:00.000+01:00;1.29
2025-08-01T03:00:00.000+01:00;1.3
2025-08-01T03:15:00.000+01:00;1.29
2025-08-01T03:30:00.000+01:00;1.29
2025-08-01T03:45:00.000+01:00;1.29
2025-08-01T04:00:00.000+01:00;1.29
2025-08-01T04:15:00.000+01:00;1.29
2025-08-01T04:30:00.000+01:00;1.27
2025-08-01T04:45:00.000+01:00;1.27
2025-08-01T05:00:00.000+01:00;1.25
2025-08-01T05:15:00.000+01:00;1.25
2025-08-01T05:30:00.000+01:00;1.25
2025-08-01T05:45:00.000+01:00;1.24
2025-08-01T06:00:00.000+01:00;1.23
2025-08-01T06:15:00.000+01:00;1.24
2025-08-01T06:30:00.000+01:00;1.23
2025-08-01T06:45:00.000+01:00;1.23
2025-08-01T07:00:00.000+01:00;1.23
2025-08-01T07:15:00.000+01:00;1.23
2025-08-01T07:30:00.000+01:00;1.23
2025-08-01T07:45:00.000+01:00;1.23
2025-08-01T08:00:00.000+01:00;1.23
2025-08-01T08:15:00.000+01:00;1.23
2025-08-01T08:30:00.000+01:00;1.22
2025-08-01T08:45:00.000+01:00;1.23
2025-08-01T09:00:00.000+01:00;1.23
2025-08-01T09:15:00.000+01:00;1.22
2025-08-01T09:30:00.000+01:00;1.22
2025-08-01T09:45:00.000+01:00;1.21
2025-08-01T10:00:00.000+01:00;1.21
2025-08-01T10:15:00.000+01:00;1.22
2025-08-01T10:30:00.000+01:00;1.21
2025-08-01T10:45:00.000+01:00;1.21
2025-08-01T11:00:00.000+01:00;1.21
2025-08-01T11:15:00.000+01:00;1.21
2025-08-01T11:30:00.000+01:00;1.21
2025-08-01T11:45:00.000+01:00;1.2
2025-08-01T12:00:00.000+01:00;1.21
2025-08-01T12:15:00.000+01:00;1.2
2025-08-01T12:30:00.000+01:00;1.21
2025-08-01T12:45:00.000+01:00;1.2
2025-08-01T13:00:00.000+01:00;1.2
2025-08-01T13:15:00.000+01:00;1.2
2025-08-01T13:30:00.000+01:00;1.2
2025-08-01T13:45:00.000+01:00;1.2
2025-08-01T14:00:00.000+01:00;1.2
2025-08-01T14:15:00.000+01:00;1.2
2025-08-01T14:30:00.000+01:00;1.19
2025-08-01T14:45:00.000+01:00;1.19
2025-08-01T15:00:00.000+01:00;1.2
2025-08-01T15:15:00.000+01:00;1.2
2025-08-01T15:30:00.000+01:00;1.19
2025-08-01T15:45:00.000+01:00;1.2
2025-08-01T16:00:00.000+01:00;1.2
2025-08-01T16:15:00.000+01:00;1.2
2025-08-01T16:30:00.000+01:00;1.2
2025-08-01T16:45:00.000+01:00;1.2
2025-08-01T17:00:00.000+01:00;1.2
2025-08-01T17:15:00.000+01:00;1.2
2025-08-01T17:30:00.000+01:00;1.2
2025-08-01T17:45:00.000+01:00;1.21
2025-08-01T18:00:00.000+01:00;1.2
2025-08-01T18:15:00.000+01:00;1.21
2025-08-01T18:30:00.000+01:00;1.21
2025-08-01T18:45:00.000+01:00;1.21
2025-08-01T19:00:00.000+01:00;1.21
2025-08-01T19:15:00.000+01:00;1.21
2025-08-01T19:30:00.000+01:00;1.21
2025-08-01T19:45:00.000+01:00;1.21
2025-08-01T20:00:00.000+01:00;1.2
2025-08-01T20:15:00.000+01:00;1.2
2025-08-01T20:30:00.000+01:00;1.2
2025-08-01T20:45:00.000+01:00;1.2
2025-08-01T21:00:00.000+01:00;1.2
2025-08-01T21:15:00.000+01:00;1.2
2025-08-01T21:30:00.000+01:00;1.19
2025-08-01T21:45:00.000+01:00;1.19
2025-08-01T22:00:00.000+01:00;1.2
2025-08-01T22:15:00.000+01:00;1.19
2025-08-01T22:30:00.000+01:00;1.19
2025-08-01T22:45:00.000+01:00;1.19
2025-08-01T23:00:00.000+01:00;1.18
2025-08-01T23:15:00.000+01:00;1.18
2025-08-01T23:30:00.000+01:00;1.17
2025-08-01T23:45:00.000+01:00;1.17
2025-08-02T00:00:00.000+01:00;1.17
2025-08-02T00:15:00.000+01:00;1.16
2025-08-02T00:30:00.000+01:00;1.17
2025-08-02T00:45:00.000+01:00;1.16
2025-08-02T01:00:00.000+01:00;1.16
2025-08-02T01:15:00.000+01:00;1.16
2025-08-02T01:30:00.000+01:00;1.16
2025-08-02T01:45:00.000+01:00;1.16
2025-08-02T02:00:00.000+01:00;1.16
2025-08-02T02:15:00.000+01:00;1.15
2025-08-02T02:30:00.000+01:00;1.16
2025-08-02T02:45:00.000+01:00;1.16
2025-08-02T03:00:00.000+01:00;1.16
2025-08-02T03:15:00.000+01:00;1.16
2025-08-02T03:30:00.000+01:00;1.16
2025-08-02T03:45:00.000+01:00;1.15
2025-08-02T04:00:00.000+01:00;1.15
2025-08-02T04:15:00.000+01:00;1.16
2025-08-02T04:30:00.000+01:00;1.16
2025-08-02T04:45:00.000+01:00;1.15
2025-08-02T05:00:00.000+01:00;1.16
2025-08-02T05:15:00.000+01:00;1.15
2025-08-02T05:30:00.000+01:00;1.16
2025-08-02T05:45:00.000+01:00;1.16
2025-08-02T06:00:00.000+01:00;1.16
2025-08-02T06:15:00.000+01:00;1.16
2025-08-02T06:30:00.000+01:00;1.15
2025-08-02T06:45:00.000+01:00;1.15
2025-08-02T07:00:00.000+01:00;1.16
2025-08-02T07:15:00.000+01:00;1.16
2025-08-02T07:30:00.000+01:00;1.16
2025-08-02T07:45:00.000+01:00;1.16
2025-08-02T08:00:00.000+01:00;1.17
2025-08-02T08:15:00.000+01:00;1.17
2025-08-02T08:30:00.000+01:00;1.16
2025-08-02T08:45:00.000+01:00;1.17
2025-08-02T09:00:00.000+01:00;1.17
2025-08-02T09:15:00.000+01:00;1.16
2025-08-02T09:30:00.000+01:00;1.18
2025-08-02T09:45:00.000+01:00;1.18
2025-08-02T10:00:00.000+01:00;1.18
2025-08-02T10:15:00.000+01:00;1.19
2025-08-02T10:30:00.000+01:00;1.2
2025-08-02T10:45:00.000+01:00;1.21
2025-08-02T11:00:00.000+01:00;1.23
2025-08-02T11:15:00.000+01:00;1.24
2025-08-02T11:30:00.000+01:00;1.25
2025-08-02T11:45:00.000+01:00;1.26
2025-08-02T12:00:00.000+01:00;1.26
2025-08-02T12:15:00.000+01:00;1.27
2025-08-02T12:30:00.000+01:00;1.28
2025-08-02T12:45:00.000+01:00;1.28
2025-08-02T13:00:00.000+01:00;1.28
2025-08-02T13:15:00.000+01:00;1.29
2025-08-02T13:30:00.000+01:00;1.29
2025-08-02T13:45:00.000+01:00;1.3
2025-08-02T14:00:00.000+01:00;1.3
2025-08-02T14:15:00.000+01:00;1.29
2025-08-02T14:30:00.000+01:00;1.3
2025-08-02T14:45:00.000+01:00;1.3
2025-08-02T15:00:00.000+01:00;1.3
2025-08-02T15:15:00.000+01:00;1.3
2025-08-02T15:30:00.000+01:00;1.3
2025-08-02T15:45:00.000+01:00;1.3
2025-08-02T16:00:00.000+01:00;1.3
2025-08-02T16:15:00.000+01:00;1.3
2025-08-02T16:30:00.000+01:00;1.3
2025-08-02T16:45:00.000+01:00;1.31
2025-08-02T17:00:00.000+01:00;1.3
2025-08-02T17:15:00.000+01:00;1.3
2025-08-02T17:30:00.000+01:00;1.3
2025-08-02T17:45:00.000+01:00;1.3
2025-08-02T18:00:00.000+01:00;1.3
2025-08-02T18:15:00.000+01:00;1.3
2025-08-02T18:30:00.000+01:00;1.3
2025-08-02T18:45:00.000+01:00;1.3
2025-08-02T19:00:00.000+01:00;1.3
2025-08-02T19:15:00.000+01:00;1.3
2025-08-02T19:30:00.000+01:00;1.3
2025-08-02T19:45:00.000+01:00;1.3
2025-08-02T20:00:00.000+01:00;1.3
2025-08-02T20:15:00.000+01:00;1.3
2025-08-02T20:30:00.000+01:00;1.3
2025-08-02T20:45:00.000+01:00;1.31
2025-08-02T21:00:00.000+01:00;1.29
2025-08-02T21:15:00.000+01:00;1.3
2025-08-02T21:30:00.000+01:00;1.3
2025-08-02T21:45:00.000+01:00;1.3
2025-08-02T22:00:00.000+01:00;1.3
2025-08-02T22:15:00.000+01:00;1.3
2025-08-02T22:30:00.000+01:00;1.29
2025-08-02T22:45:00.000+01:00;1.3
2025-08-02T23:00:00.000+01:00;1.29
2025-08-02T23:15:00.000+01:00;1.3
2025-08-02T23:30:00.000+01:00;1.3
2025-08-02T23:45:00.000+01:00;1.3
2025-08-03T00:00:00.000+01:00;1.29
2025-08-03T00:15:00.000+01:00;1.3
2025-08-03T00:30:00.000+01:00;1.29
2025-08-03T00:45:00.000+01:00;1.29
2025-08-03T01:00:00.000+01:00;1.3
2025-08-03T01:15:00.000+01:00;1.3
2025-08-03T01:30:00.000+01:00;1.3
2025-08-03T01:45:00.000+01:00;1.3
2025-08-03T02:00:00.000+01:00;1.3
2025-08-03T02:15:00.000+01:00;1.31
2025-08-03T02:30:00.000+01:00;1.31
2025-08-03T02:45:00.000+01:00;1.31
2025-08-03T03:00:00.000+01:00;1.31
2025-08-03T03:15:00.000+01:00;1.31
2025-08-03T03:30:00.000+01:00;1.31
2025-08-03T03:45:00.000+01:00;1.32
2025-08-03T04:00:00.000+01:00;1.32
2025-08-03T04:15:00.000+01:00;1.32
2025-08-03T04:30:00.000+01:00;1.31
2025-08-03T04:45:00.000+01:00;1.31
2025-08-03T05:00:00.000+01:00;1.32
2025-08-03T05:15:00.000+01:00;1.32
2025-08-03T05:30:00.000+01:00;1.32
2025-08-03T05:45:00.000+01:00;1.32
2025-08-03T06:00:00.000+01:00;1.32
2025-08-03T06:15:00.000+01:00;1.32
2025-08-03T06:30:00.000+01:00;1.32
2025-08-03T06:45:00.000+01:00;1.32
2025-08-03T07:00:00.000+01:00;1.32
2025-08-03T07:15:00.000+01:00;1.32
2025-08-03T07:30:00.000+01:00;1.32
2025-08-03T07:45:00.000+01:00;1.32
2025-08-03T08:00:00.000+01:00;1.32
2025-08-03T08:15:00.000+01:00;1.33
2025-08-03T08:30:00.000+01:00;1.32
2025-08-03T08:45:00.000+01:00;1.32
2025-08-03T09:00:00.000+01:00;1.32
2025-08-03T09:15:00.000+01:00;1.32
2025-08-03T09:30:00.000+01:00;1.32
2025-08-03T09:45:00.000+01:00;1.32
2025-08-03T10:00:00.000+01:00;1.32
2025-08-03T10:15:00.000+01:00;1.31
2025-08-03T10:30:00.000+01:00;1.32
2025-08-03T10:45:00.000+01:00;1.31
2025-08-03T11:00:00.000+01:00;1.32
2025-08-03T11:15:00.000+01:00;1.31
2025-08-03T11:30:00.000+01:00;1.31
2025-08-03T11:45:00.000+01:00;1.32
2025-08-03T12:00:00.000+01:00;1.32
2025-08-03T12:15:00.000+01:00;1.33
2025-08-03T12:30:00.000+01:00;1.33
2025-08-03T12:45:00.000+01:00;1.34
2025-08-03T13:00:00.000+01:00;1.34
2025-08-03T13:15:00.000+01:00;1.35
2025-08-03T13:30:00.000+01:00;1.36
2025-08-03T13:45:00.000+01:00;1.37
2025-08-03T14:00:00.000+01:00;1.38
2025-08-03T14:15:00.000+01:00;1.39
2025-08-03T14:30:00.000+01:00;1.39
2025-08-03T14:45:00.000+01:00;1.39
2025-08-03T15:00:00.000+01:00;1.39
2025-08-03T15:15:00.000+01:00;1.38
2025-08-03T15:30:00.000+01:00;1.39
2025-08-03T15:45:00.000+01:00;1.39
2025-08-03T16:00:00.000+01:00;1.4
2025-08-03T16:15:00.000+01:00;1.39
2025-08-03T16:30:00.000+01:00;1.39
2025-08-03T16:45:00.000+01:00;1.39
2025-08-03T17:00:00.000+01:00;1.38
2025-08-03T17:15:00.000+01:00;1.39
2025-08-03T17:30:00.000+01:00;1.39
2025-08-03T17:45:00.000+01:00;1.38
2025-08-03T18:00:00.000+01:00;1.37
2025-08-03T18:15:00.000+01:00;1.36
2025-08-03T18:30:00.000+01:00;1.36
2025-08-03T18:45:00.000+01:00;1.35
2025-08-03T19:00:00.000+01:00;1.35
2025-08-03T19:15:00.000+01:00;1.34
2025-08-03T19:30:00.000+01:00;1.34
2025-08-03T19:45:00.000+01:00;1.34
2025-08-03T20:00:00.000+01:00;1.33
2025-08-03T20:15:00.000+01:00;1.33
2025-08-03T20:30:00.000+01:00;1.33
2025-08-03T20:45:00.000+01:00;1.33
2025-08-03T21:00:00.000+01:00;1.32
2025-08-03T21:15:00.000+01:00;1.33
2025-08-03T21:30:00.000+01:00;1.33
2025-08-03T21:45:00.000+01:00;1.32
2025-08-03T22:00:00.000+01:00;1.33
2025-08-03T22:15:00.000+01:00;1.32
2025-08-03T22:30:00.000+01:00;1.32
2025-08-03T22:45:00.000+01:00;1.32
2025-08-03T23:00:00.000+01:00;1.32
2025-08-03T23:15:00.000+01:00;1.33
2025-08-03T23:30:00.000+01:00;1.32
2025-08-03T23:45:00.000+01:00;1.32
2025-08-04T00:00:00.000+01:00;1.32
2025-08-04T00:15:00.000+01:00;1.32
2025-08-04T00:30:00.000+01:00;1.32
2025-08-04T00:45:00.000+01:00;1.33
2025-08-04T01:00:00.000+01:00;1.33
2025-08-04T01:15:00.000+01:00;1.33
2025-08-04T01:30:00.000+01:00;1.32
2025-08-04T01:45:00.000+01:00;1.32
2025-08-04T02:00:00.000+01:00;1.33
2025-08-04T02:15:00.000+01:00;1.33
2025-08-04T02:30:00.000+01:00;1.32
2025-08-04T02:45:00.000+01:00;1.32
2025-08-04T03:00:00.000+01:00;1.33
2025-08-04T03:15:00.000+01:00;1.33
2025-08-04T03:30:00.000+01:00;1.33
2025-08-04T03:45:00.000+01:00;1.32
2025-08-04T04:00:00.000+01:00;1.32
2025-08-04T04:15:00.000+01:00;1.32
2025-08-04T04:30:00.000+01:00;1.32
2025-08-04T04:45:00.000+01:00;1.32
2025-08-04T05:00:00.000+01:00;1.31
2025-08-04T05:15:00.000+01:00;1.31
2025-08-04T05:30:00.000+01:00;1.3
2025-08-04T05:45:00.000+01:00;1.3
2025-08-04T06:00:00.000+01:00;1.31
2025-08-04T06:15:00.000+01:00;1.3
2025-08-04T06:30:00.000+01:00;1.3
2025-08-04T06:45:00.000+01:00;1.3
2025-08-04T07:00:00.000+01:00;1.31
2025-08-04T07:15:00.000+01:00;1.3
2025-08-04T07:30:00.000+01:00;1.31
2025-08-04T07:45:00.000+01:00;1.3
2025-08-04T08:00:00.000+01:00;1.31
2025-08-04T08:15:00.000+01:00;1.3
2025-08-04T08:30:00.000+01:00;1.31
2025-08-04T08:45:00.000+01:00;1.32
2025-08-04T09:00:00.000+01:00;1.32
2025-08-04T09:15:00.000+01:00;1.32
2025-08-04T09:30:00.000+01:00;1.32
2025-08-04T09:45:00.000+01:00;1.32
2025-08-04T10:00:00.000+01:00;1.32
2025-08-04T10:15:00.000+01:00;1.32
2025-08-04T10:30:00.000+01:00;1.32
2025-08-04T10:45:00.000+01:00;1.32
2025-08-04T11:00:00.000+01:00;1.33
2025-08-04T11:15:00.000+01:00;1.33
2025-08-04T11:30:00.000+01:00;1.33
2025-08-04T11:45:00.000+01:00;1.33
2025-08-04T12:00:00.000+01:00;1.33
2025-08-04T12:15:00.000+01:00;1.33
2025-08-04T12:30:00.000+01:00;1.33
2025-08-04T12:45:00.000+01:00;1.32
2025-08-04T13:00:00.000+01:00;1.32
2025-08-04T13:15:00.000+01:00;1.33
2025-08-04T13:30:00.000+01:00;1.33
2025-08-04T13:45:00.000+01:00;1.33
2025-08-04T14:00:00.000+01:00;1.33
2025-08-04T14:15:00.000+01:00;1.33
2025-08-04T14:30:00.000+01:00;1.35
2025-08-04T14:45:00.000+01:00;1.36
2025-08-04T15:00:00.000+01:00;1.37
2025-08-04T15:15:00.000+01:00;1.38
2025-08-04T15:30:00.000+01:00;1.39
2025-08-04T15:45:00.000+01:00;1.39
2025-08-04T16:00:00.000+01:00;1.4
2025-08-04T16:15:00.000+01:00;1.41
2025-08-04T16:30:00.000+01:00;1.41
2025-08-04T16:45:00.000+01:00;1.4
2025-08-04T17:00:00.000+01:00;1.41
2025-08-04T17:15:00.000+01:00;1.41
2025-08-04T17:30:00.000+01:00;1.44
2025-08-04T17:45:00.000+01:00;1.47
2025-08-04T18:00:00.000+01:00;1.49
2025-08-04T18:15:00.000+01:00;1.51
2025-08-04T18:30:00.000+01:00;1.53
2025-08-04T18:45:00.000+01:00;1.53
2025-08-04T19:00:00.000+01:00;1.52
2025-08-04T19:15:00.000+01:00;1.51
2025-08-04T19:30:00.000+01:00;1.49
2025-08-04T19:45:00.000+01:00;1.48
2025-08-04T20:00:00.000+01:00;1.46
2025-08-04T20:15:00.000+01:00;1.46
2025-08-04T20:30:00.000+01:00;1.45
2025-08-04T20:45:00.000+01:00;1.44
2025-08-04T21:00:00.000+01:00;1.43
2025-08-04T21:15:00.000+01:00;1.43
2025-08-04T21:30:00.000+01:00;1.43
2025-08-04T21:45:00.000+01:00;1.43
2025-08-04T22:00:00.000+01:00;1.43
2025-08-04T22:15:00.000+01:00;1.43
2025-08-04T22:30:00.000+01:00;1.42
2025-08-04T22:45:00.000+01:00;1.43
2025-08-04T23:00:00.000+01:00;1.42
2025-08-04T23:15:00.000+01:00;1.42
2025-08-04T23:30:00.000+01:00;1.42
2025-08-04T23:45:00.000+01:00;1.43
2025-08-05T00:00:00.000+01:00;1.43
2025-08-05T00:15:00.000+01:00;1.42
2025-08-05T00:30:00.000+01:00;1.43
2025-08-05T00:45:00.000+01:00;1.43
2025-08-05T01:00:00.000+01:00;1.44
2025-08-05T01:15:00.000+01:00;1.44
2025-08-05T01:30:00.000+01:00;1.44
2025-08-05T01:45:00.000+01:00;1.45
2025-08-05T02:00:00.000+01:00;1.45
2025-08-05T02:15:00.000+01:00;1.45
2025-08-05T02:30:00.000+01:00;1.46
2025-08-05T02:45:00.000+01:00;1.46
2025-08-05T03:00:00.000+01:00;1.46
2025-08-05T03:15:00.000+01:00;1.46
2025-08-05T03:30:00.000+01:00;1.47
2025-08-05T03:45:00.000+01:00;1.46
2025-08-05T04:00:00.000+01:00;1.47
2025-08-05T04:15:00.000+01:00;1.48
2025-08-05T04:30:00.000+01:00;1.5
2025-08-05T04:45:00.000+01:00;1.5
2025-08-05T05:00:00.000+01:00;1.51
2025-08-05T05:15:00.000+01:00;1.52
2025-08-05T05:30:00.000+01:00;1.52
2025-08-05T05:45:00.000+01:00;1.53
2025-08-05T06:00:00.000+01:00;1.53
2025-08-05T06:15:00.000+01:00;1.52
2025-08-05T06:30:00.000+01:00;1.53
2025-08-05T06:45:00.000+01:00;1.53
2025-08-05T07:00:00.000+01:00;1.54
2025-08-05T07:15:00.000+01:00;1.53
2025-08-05T07:30:00.000+01:00;1.54
2025-08-05T07:45:00.000+01:00;1.54
2025-08-05T08:00:00.000+01:00;1.54
2025-08-05T08:15:00.000+01:00;1.54
2025-08-05T08:30:00.000+01:00;1.54
2025-08-05T08:45:00.000+01:00;1.53
2025-08-05T09:00:00.000+01:00;1.54
2025-08-05T09:15:00.000+01:00;1.54
2025-08-05T09:30:00.000+01:00;1.54
2025-08-05T09:45:00.000+01:00;1.53
2025-08-05T10:00:00.000+01:00;1.52
2025-08-05T10:15:00.000+01:00;1.52
2025-08-05T10:30:00.000+01:00;1.52
2025-08-05T10:45:00.000+01:00;1.51
2025-08-05T11:00:00.000+01:00;1.5
2025-08-05T11:15:00.000+01:00;1.5
2025-08-05T11:30:00.000+01:00;1.49
2025-08-05T11:45:00.000+01:00;1.49
2025-08-05T12:00:00.000+01:00;2.02
2025-08-05T12:15:00.000+01:00;2
2025-08-05T12:30:00.000+01:00;1.99
2025-08-05T12:45:00.000+01:00;1.99
2025-08-05T13:00:00.000+01:00;1.98
2025-08-05T13:15:00.000+01:00;1.97
2025-08-05T13:30:00.000+01:00;1.98
2025-08-05T13:45:00.000+01:00;1.97
2025-08-05T14:00:00.000+01:00;1.96
2025-08-05T14:15:00.000+01:00;1.96
2025-08-05T14:30:00.000+01:00;1.97
2025-08-05T14:45:00.000+01:00;1.96
2025-08-05T15:00:00.000+01:00;1.96
2025-08-05T15:15:00.000+01:00;1.95
2025-08-05T15:30:00.000+01:00;1.95
2025-08-05T15:45:00.000+01:00;1.93
2025-08-05T16:00:00.000+01:00;1.94
2025-08-05T16:15:00.000+01:00;1.94
2025-08-05T16:30:00.000+01:00;1.94
2025-08-05T16:45:00.000+01:00;1.92
2025-08-05T17:00:00.000+01:00;1.93
2025-08-05T17:15:00.000+01:00;1.92
2025-08-05T17:30:00.000+01:00;1.93
2025-08-05T17:45:00.000+01:00;1.92
2025-08-05T18:00:00.000+01:00;1.92
2025-08-05T18:15:00.000+01:00;1.92
2025-08-05T18:30:00.000+01:00;1.91
2025-08-05T18:45:00.000+01:00;1.92
2025-08-05T19:00:00.000+01:00;1.92
2025-08-05T19:15:00.000+01:00;1.92
2025-08-05T19:30:00.000+01:00;1.92
2025-08-05T19:45:00.000+01:00;1.91
2025-08-05T20:00:00.000+01:00;1.9
2025-08-05T20:15:00.000+01:00;1.9
2025-08-05T20:30:00.000+01:00;1.89
2025-08-05T20:45:00.000+01:00;1.89
2025-08-05T21:00:00.000+01:00;1.89
2025-08-05T21:15:00.000+01:00;1.88
2025-08-05T21:30:00.000+01:00;1.88
2025-08-05T21:45:00.000+01:00;1.88
2025-08-05T22:00:00.000+01:00;1.88
2025-08-05T22:15:00.000+01:00;1.87
2025-08-05T22:30:00.000+01:00;1.87
2025-08-05T22:45:00.000+01:00;1.88
2025-08-05T23:00:00.000+01:00;1.88
2025-08-05T23:15:00.000+01:00;1.88
2025-08-05T23:30:00.000+01:00;1.88
2025-08-05T23:45:00.000+01:00;1.88
2025-08-06T00:00:00.000+01:00;1.87
2025-08-06T00:15:00.000+01:00;1.87
2025-08-06T00:30:00.000+01:00;1.88
2025-08-06T00:45:00.000+01:00;1.88
2025-08-06T01:00:00.000+01:00;1.87
2025-08-06T01:15:00.000+01:00;1.88
2025-08-06T01:30:00.000+01:00;1.88
2025-08-06T01:45:00.000+01:00;1.88
2025-08-06T02:00:00.000+01:00;1.88
2025-08-06T02:15:00.000+01:00;1.87
2025-08-06T02:30:00.000+01:00;1.88
2025-08-06T02:45:00.000+01:00;1.87
2025-08-06T03:00:00.000+01:00;1.88
2025-08-06T03:15:00.000+01:00;1.88
2025-08-06T03:30:00.000+01:00;1.88
2025-08-06T03:45:00.000+01:00;1.88
2025-08-06T04:00:00.000+01:00;1.89
2025-08-06T04:15:00.000+01:00;1.88
2025-08-06T04:30:00.000+01:00;1.88
2025-08-06T04:45:00.000+01:00;1.89
2025-08-06T05:00:00.000+01:00;1.88
2025-08-06T05:15:00.000+01:00;1.89
2025-08-06T05:30:00.000+01:00;1.88
2025-08-06T05:45:00.000+01:00;1.88
2025-08-06T06:00:00.000+01:00;1.88
2025-08-06T06:15:00.000+01:00;1.88
2025-08-06T06:30:00.000+01:00;1.87
2025-08-06T06:45:00.000+01:00;1.86
2025-08-06T07:00:00.000+01:00;1.86
2025-08-06T07:15:00.000+01:00;1.86
2025-08-06T07:30:00.000+01:00;1.87
2025-08-06T07:45:00.000+01:00;1.86
2025-08-06T08:00:00.000+01:00;1.86
2025-08-06T08:15:00.000+01:00;1.86
2025-08-06T08:30:00.000+01:00;1.86
2025-08-06T08:45:00.000+01:00;1.86
2025-08-06T09:00:00.000+01:00;1.86
2025-08-06T09:15:00.000+01:00;1.85
2025-08-06T09:30:00.000+01:00;1.85
2025-08-06T09:45:00.000+01:00;1.85
2025-08-06T10:00:00.000+01:00;1.85
2025-08-06T10:15:00.000+01:00;1.85
2025-08-06T10:30:00.000+01:00;1.85
2025-08-06T10:45:00.000+01:00;1.85
2025-08-06T11:00:00.000+01:00;1.85
2025-08-06T11:15:00.000+01:00;1.84
2025-08-06T11:30:00.000+01:00;1.84
2025-08-06T11:45:00.000+01:00;1.84
2025-08-06T12:00:00.000+01:00;1.84
2025-08-06T12:15:00.000+01:00;1.84
2025-08-06T12:30:00.000+01:00;1.84
2025-08-06T12:45:00.000+01:00;1.84
2025-08-06T13:00:00.000+01:00;1.84
2025-08-06T13:15:00.000+01:00;1.84
2025-08-06T13:30:00.000+01:00;1.85
2025-08-06T13:45:00.000+01:00;1.85
2025-08-06T14:00:00.000+01:00;1.85
2025-08-06T14:15:00.000+01:00;1.86
2025-08-06T14:30:00.000+01:00;1.86
2025-08-06T14:45:00.000+01:00;1.86
2025-08-06T15:00:00.000+01:00;1.87
2025-08-06T15:15:00.000+01:00;1.88
2025-08-06T15:30:00.000+01:00;1.9
2025-08-06T15:45:00.000+01:00;1.9